commit,dataset,regime,query_type,repetition,query_index,moves,cumulative_moves
5ede674,brcities5507,concentrado,knn,0,0,8,8
5ede674,brcities5507,concentrado,knn,0,1,8,16
5ede674,brcities5507,concentrado,knn,0,2,8,24
5ede674,brcities5507,concentrado,knn,0,3,8,32
5ede674,brcities5507,concentrado,knn,0,4,8,40
5ede674,brcities5507,concentrado,knn,0,5,8,48
5ede674,brcities5507,concentrado,knn,0,6,8,56
5ede674,brcities5507,concentrado,knn,0,7,8,64
5ede674,brcities5507,concentrado,knn,0,8,3,67
5ede674,brcities5507,concentrado,knn,0,9,2,69
5ede674,brcities5507,concentrado,knn,0,10,6,75
5ede674,brcities5507,concentrado,knn,0,11,8,83
5ede674,brcities5507,concentrado,knn,0,12,7,90
5ede674,brcities5507,concentrado,knn,0,13,0,90
5ede674,brcities5507,concentrado,knn,0,14,7,97
5ede674,brcities5507,concentrado,knn,0,15,7,104
5ede674,brcities5507,concentrado,knn,0,16,0,104
5ede674,brcities5507,concentrado,knn,0,17,8,112
5ede674,brcities5507,concentrado,knn,0,18,8,120
5ede674,brcities5507,concentrado,knn,0,19,8,128
5ede674,brcities5507,concentrado,knn,0,20,8,136
5ede674,brcities5507,concentrado,knn,0,21,8,144
5ede674,brcities5507,concentrado,knn,0,22,8,152
5ede674,brcities5507,concentrado,knn,0,23,8,160
5ede674,brcities5507,concentrado,knn,0,24,8,168
5ede674,brcities5507,concentrado,knn,0,25,8,176
5ede674,brcities5507,concentrado,knn,0,26,2,178
5ede674,brcities5507,concentrado,knn,0,27,8,186
5ede674,brcities5507,concentrado,knn,0,28,8,194
5ede674,brcities5507,concentrado,knn,0,29,8,202
5ede674,brcities5507,concentrado,knn,0,30,8,210
5ede674,brcities5507,concentrado,knn,0,31,8,218
5ede674,brcities5507,concentrado,knn,0,32,8,226
5ede674,brcities5507,concentrado,knn,0,33,8,234
5ede674,brcities5507,concentrado,knn,0,34,8,242
5ede674,brcities5507,concentrado,knn,0,35,8,250
5ede674,brcities5507,concentrado,knn,0,36,3,253
5ede674,brcities5507,concentrado,knn,0,37,8,261
5ede674,brcities5507,concentrado,knn,0,38,8,269
5ede674,brcities5507,concentrado,knn,0,39,7,276
5ede674,brcities5507,concentrado,knn,0,40,8,284
5ede674,brcities5507,concentrado,knn,0,41,8,292
5ede674,brcities5507,concentrado,knn,0,42,0,292
5ede674,brcities5507,concentrado,knn,0,43,0,292
5ede674,brcities5507,concentrado,knn,0,44,8,300
5ede674,brcities5507,concentrado,knn,0,45,8,308
5ede674,brcities5507,concentrado,knn,0,46,8,316
5ede674,brcities5507,concentrado,knn,0,47,8,324
5ede674,brcities5507,concentrado,knn,0,48,8,332
5ede674,brcities5507,concentrado,knn,0,49,8,340
5ede674,brcities5507,concentrado,knn,0,50,8,348
5ede674,brcities5507,concentrado,knn,0,51,0,348
5ede674,brcities5507,concentrado,knn,0,52,8,356
5ede674,brcities5507,concentrado,knn,0,53,8,364
5ede674,brcities5507,concentrado,knn,0,54,0,364
5ede674,brcities5507,concentrado,knn,0,55,0,364
5ede674,brcities5507,concentrado,knn,0,56,8,372
5ede674,brcities5507,concentrado,knn,0,57,8,380
5ede674,brcities5507,concentrado,knn,0,58,8,388
5ede674,brcities5507,concentrado,knn,0,59,8,396
5ede674,brcities5507,concentrado,knn,0,60,8,404
5ede674,brcities5507,concentrado,knn,0,61,8,412
5ede674,brcities5507,concentrado,knn,0,62,8,420
5ede674,brcities5507,concentrado,knn,0,63,8,428
5ede674,brcities5507,concentrado,knn,0,64,8,436
5ede674,brcities5507,concentrado,knn,0,65,8,444
5ede674,brcities5507,concentrado,knn,0,66,4,448
5ede674,brcities5507,concentrado,knn,0,67,8,456
5ede674,brcities5507,concentrado,knn,0,68,4,460
5ede674,brcities5507,concentrado,knn,0,69,8,468
5ede674,brcities5507,concentrado,knn,0,70,8,476
5ede674,brcities5507,concentrado,knn,0,71,8,484
5ede674,brcities5507,concentrado,knn,0,72,8,492
5ede674,brcities5507,concentrado,knn,0,73,8,500
5ede674,brcities5507,concentrado,knn,0,74,8,508
5ede674,brcities5507,concentrado,knn,0,75,4,512
5ede674,brcities5507,concentrado,knn,0,76,8,520
5ede674,brcities5507,concentrado,knn,0,77,8,528
5ede674,brcities5507,concentrado,knn,0,78,8,536
5ede674,brcities5507,concentrado,knn,0,79,1,537
5ede674,brcities5507,concentrado,knn,0,80,8,545
5ede674,brcities5507,concentrado,knn,0,81,8,553
5ede674,brcities5507,concentrado,knn,0,82,1,554
5ede674,brcities5507,concentrado,knn,0,83,8,562
5ede674,brcities5507,concentrado,knn,0,84,8,570
5ede674,brcities5507,concentrado,knn,0,85,8,578
5ede674,brcities5507,concentrado,knn,0,86,1,579
5ede674,brcities5507,concentrado,knn,0,87,0,579
5ede674,brcities5507,concentrado,knn,0,88,8,587
5ede674,brcities5507,concentrado,knn,0,89,8,595
5ede674,brcities5507,concentrado,knn,0,90,8,603
5ede674,brcities5507,concentrado,knn,0,91,8,611
5ede674,brcities5507,concentrado,knn,0,92,8,619
5ede674,brcities5507,concentrado,knn,0,93,8,627
5ede674,brcities5507,concentrado,knn,0,94,8,635
5ede674,brcities5507,concentrado,knn,0,95,8,643
5ede674,brcities5507,concentrado,knn,0,96,8,651
5ede674,brcities5507,concentrado,knn,0,97,8,659
5ede674,brcities5507,concentrado,knn,0,98,8,667
5ede674,brcities5507,concentrado,knn,0,99,8,675
5ede674,brcities5507,concentrado,knn,0,100,8,683
5ede674,brcities5507,concentrado,knn,0,101,8,691
5ede674,brcities5507,concentrado,knn,0,102,0,691
5ede674,brcities5507,concentrado,knn,0,103,3,694
5ede674,brcities5507,concentrado,knn,0,104,0,694
5ede674,brcities5507,concentrado,knn,0,105,0,694
5ede674,brcities5507,concentrado,knn,0,106,0,694
5ede674,brcities5507,concentrado,knn,0,107,7,701
5ede674,brcities5507,concentrado,knn,0,108,0,701
5ede674,brcities5507,concentrado,knn,0,109,5,706
5ede674,brcities5507,concentrado,knn,0,110,8,714
5ede674,brcities5507,concentrado,knn,0,111,8,722
5ede674,brcities5507,concentrado,knn,0,112,7,729
5ede674,brcities5507,concentrado,knn,0,113,0,729
5ede674,brcities5507,concentrado,knn,0,114,8,737
5ede674,brcities5507,concentrado,knn,0,115,6,743
5ede674,brcities5507,concentrado,knn,0,116,0,743
5ede674,brcities5507,concentrado,knn,0,117,8,751
5ede674,brcities5507,concentrado,knn,0,118,0,751
5ede674,brcities5507,concentrado,knn,0,119,0,751
5ede674,brcities5507,concentrado,knn,0,120,8,759
5ede674,brcities5507,concentrado,knn,0,121,0,759
5ede674,brcities5507,concentrado,knn,0,122,8,767
5ede674,brcities5507,concentrado,knn,0,123,0,767
5ede674,brcities5507,concentrado,knn,0,124,3,770
5ede674,brcities5507,concentrado,knn,0,125,7,777
5ede674,brcities5507,concentrado,knn,0,126,3,780
5ede674,brcities5507,concentrado,knn,0,127,0,780
5ede674,brcities5507,concentrado,knn,0,128,0,780
5ede674,brcities5507,concentrado,knn,0,129,8,788
5ede674,brcities5507,concentrado,knn,0,130,1,789
5ede674,brcities5507,concentrado,knn,0,131,7,796
5ede674,brcities5507,concentrado,knn,0,132,0,796
5ede674,brcities5507,concentrado,knn,0,133,6,802
5ede674,brcities5507,concentrado,knn,0,134,0,802
5ede674,brcities5507,concentrado,knn,0,135,0,802
5ede674,brcities5507,concentrado,knn,0,136,8,810
5ede674,brcities5507,concentrado,knn,0,137,8,818
5ede674,brcities5507,concentrado,knn,0,138,8,826
5ede674,brcities5507,concentrado,knn,0,139,1,827
5ede674,brcities5507,concentrado,knn,0,140,7,834
5ede674,brcities5507,concentrado,knn,0,141,7,841
5ede674,brcities5507,concentrado,knn,0,142,7,848
5ede674,brcities5507,concentrado,knn,0,143,1,849
5ede674,brcities5507,concentrado,knn,0,144,8,857
5ede674,brcities5507,concentrado,knn,0,145,2,859
5ede674,brcities5507,concentrado,knn,0,146,7,866
5ede674,brcities5507,concentrado,knn,0,147,0,866
5ede674,brcities5507,concentrado,knn,0,148,0,866
5ede674,brcities5507,concentrado,knn,0,149,3,869
5ede674,brcities5507,concentrado,knn,0,150,8,877
5ede674,brcities5507,concentrado,knn,0,151,8,885
5ede674,brcities5507,concentrado,knn,0,152,7,892
5ede674,brcities5507,concentrado,knn,0,153,8,900
5ede674,brcities5507,concentrado,knn,0,154,1,901
5ede674,brcities5507,concentrado,knn,0,155,0,901
5ede674,brcities5507,concentrado,knn,0,156,8,909
5ede674,brcities5507,concentrado,knn,0,157,8,917
5ede674,brcities5507,concentrado,knn,0,158,4,921
5ede674,brcities5507,concentrado,knn,0,159,8,929
5ede674,brcities5507,concentrado,knn,0,160,8,937
5ede674,brcities5507,concentrado,knn,0,161,7,944
5ede674,brcities5507,concentrado,knn,0,162,8,952
5ede674,brcities5507,concentrado,knn,0,163,5,957
5ede674,brcities5507,concentrado,knn,0,164,0,957
5ede674,brcities5507,concentrado,knn,0,165,1,958
5ede674,brcities5507,concentrado,knn,0,166,0,958
5ede674,brcities5507,concentrado,knn,0,167,2,960
5ede674,brcities5507,concentrado,knn,0,168,2,962
5ede674,brcities5507,concentrado,knn,0,169,3,965
5ede674,brcities5507,concentrado,knn,0,170,8,973
5ede674,brcities5507,concentrado,knn,0,171,5,978
5ede674,brcities5507,concentrado,knn,0,172,2,980
5ede674,brcities5507,concentrado,knn,0,173,3,983
5ede674,brcities5507,concentrado,knn,0,174,5,988
5ede674,brcities5507,concentrado,knn,0,175,6,994
5ede674,brcities5507,concentrado,knn,0,176,6,1000
5ede674,brcities5507,concentrado,knn,0,177,3,1003
5ede674,brcities5507,concentrado,knn,0,178,3,1006
5ede674,brcities5507,concentrado,knn,0,179,0,1006
5ede674,brcities5507,concentrado,knn,0,180,3,1009
5ede674,brcities5507,concentrado,knn,0,181,3,1012
5ede674,brcities5507,concentrado,knn,0,182,8,1020
5ede674,brcities5507,concentrado,knn,0,183,3,1023
5ede674,brcities5507,concentrado,knn,0,184,3,1026
5ede674,brcities5507,concentrado,knn,0,185,0,1026
5ede674,brcities5507,concentrado,knn,0,186,6,1032
5ede674,brcities5507,concentrado,knn,0,187,8,1040
5ede674,brcities5507,concentrado,knn,0,188,4,1044
5ede674,brcities5507,concentrado,knn,0,189,6,1050
5ede674,brcities5507,concentrado,knn,0,190,5,1055
5ede674,brcities5507,concentrado,knn,0,191,6,1061
5ede674,brcities5507,concentrado,knn,0,192,5,1066
5ede674,brcities5507,concentrado,knn,0,193,0,1066
5ede674,brcities5507,concentrado,knn,0,194,2,1068
5ede674,brcities5507,concentrado,knn,0,195,5,1073
5ede674,brcities5507,concentrado,knn,0,196,0,1073
5ede674,brcities5507,concentrado,knn,0,197,6,1079
5ede674,brcities5507,concentrado,knn,0,198,2,1081
5ede674,brcities5507,concentrado,knn,0,199,2,1083
5ede674,brcities5507,concentrado,range,0,0,8,8
5ede674,brcities5507,concentrado,range,0,1,8,16
5ede674,brcities5507,concentrado,range,0,2,8,24
5ede674,brcities5507,concentrado,range,0,3,8,32
5ede674,brcities5507,concentrado,range,0,4,8,40
5ede674,brcities5507,concentrado,range,0,5,8,48
5ede674,brcities5507,concentrado,range,0,6,8,56
5ede674,brcities5507,concentrado,range,0,7,8,64
5ede674,brcities5507,concentrado,range,0,8,3,67
5ede674,brcities5507,concentrado,range,0,9,2,69
5ede674,brcities5507,concentrado,range,0,10,3,72
5ede674,brcities5507,concentrado,range,0,11,3,75
5ede674,brcities5507,concentrado,range,0,12,0,75
5ede674,brcities5507,concentrado,range,0,13,0,75
5ede674,brcities5507,concentrado,range,0,14,0,75
5ede674,brcities5507,concentrado,range,0,15,0,75
5ede674,brcities5507,concentrado,range,0,16,0,75
5ede674,brcities5507,concentrado,range,0,17,8,83
5ede674,brcities5507,concentrado,range,0,18,8,91
5ede674,brcities5507,concentrado,range,0,19,8,99
5ede674,brcities5507,concentrado,range,0,20,8,107
5ede674,brcities5507,concentrado,range,0,21,8,115
5ede674,brcities5507,concentrado,range,0,22,8,123
5ede674,brcities5507,concentrado,range,0,23,8,131
5ede674,brcities5507,concentrado,range,0,24,8,139
5ede674,brcities5507,concentrado,range,0,25,8,147
5ede674,brcities5507,concentrado,range,0,26,2,149
5ede674,brcities5507,concentrado,range,0,27,8,157
5ede674,brcities5507,concentrado,range,0,28,8,165
5ede674,brcities5507,concentrado,range,0,29,8,173
5ede674,brcities5507,concentrado,range,0,30,8,181
5ede674,brcities5507,concentrado,range,0,31,8,189
5ede674,brcities5507,concentrado,range,0,32,8,197
5ede674,brcities5507,concentrado,range,0,33,8,205
5ede674,brcities5507,concentrado,range,0,34,8,213
5ede674,brcities5507,concentrado,range,0,35,8,221
5ede674,brcities5507,concentrado,range,0,36,7,228
5ede674,brcities5507,concentrado,range,0,37,8,236
5ede674,brcities5507,concentrado,range,0,38,8,244
5ede674,brcities5507,concentrado,range,0,39,7,251
5ede674,brcities5507,concentrado,range,0,40,8,259
5ede674,brcities5507,concentrado,range,0,41,8,267
5ede674,brcities5507,concentrado,range,0,42,0,267
5ede674,brcities5507,concentrado,range,0,43,0,267
5ede674,brcities5507,concentrado,range,0,44,8,275
5ede674,brcities5507,concentrado,range,0,45,7,282
5ede674,brcities5507,concentrado,range,0,46,8,290
5ede674,brcities5507,concentrado,range,0,47,8,298
5ede674,brcities5507,concentrado,range,0,48,8,306
5ede674,brcities5507,concentrado,range,0,49,8,314
5ede674,brcities5507,concentrado,range,0,50,8,322
5ede674,brcities5507,concentrado,range,0,51,0,322
5ede674,brcities5507,concentrado,range,0,52,8,330
5ede674,brcities5507,concentrado,range,0,53,8,338
5ede674,brcities5507,concentrado,range,0,54,0,338
5ede674,brcities5507,concentrado,range,0,55,0,338
5ede674,brcities5507,concentrado,range,0,56,8,346
5ede674,brcities5507,concentrado,range,0,57,8,354
5ede674,brcities5507,concentrado,range,0,58,8,362
5ede674,brcities5507,concentrado,range,0,59,8,370
5ede674,brcities5507,concentrado,range,0,60,8,378
5ede674,brcities5507,concentrado,range,0,61,8,386
5ede674,brcities5507,concentrado,range,0,62,8,394
5ede674,brcities5507,concentrado,range,0,63,8,402
5ede674,brcities5507,concentrado,range,0,64,8,410
5ede674,brcities5507,concentrado,range,0,65,8,418
5ede674,brcities5507,concentrado,range,0,66,4,422
5ede674,brcities5507,concentrado,range,0,67,8,430
5ede674,brcities5507,concentrado,range,0,68,0,430
5ede674,brcities5507,concentrado,range,0,69,8,438
5ede674,brcities5507,concentrado,range,0,70,8,446
5ede674,brcities5507,concentrado,range,0,71,8,454
5ede674,brcities5507,concentrado,range,0,72,8,462
5ede674,brcities5507,concentrado,range,0,73,8,470
5ede674,brcities5507,concentrado,range,0,74,8,478
5ede674,brcities5507,concentrado,range,0,75,8,486
5ede674,brcities5507,concentrado,range,0,76,8,494
5ede674,brcities5507,concentrado,range,0,77,8,502
5ede674,brcities5507,concentrado,range,0,78,8,510
5ede674,brcities5507,concentrado,range,0,79,5,515
5ede674,brcities5507,concentrado,range,0,80,8,523
5ede674,brcities5507,concentrado,range,0,81,8,531
5ede674,brcities5507,concentrado,range,0,82,3,534
5ede674,brcities5507,concentrado,range,0,83,8,542
5ede674,brcities5507,concentrado,range,0,84,8,550
5ede674,brcities5507,concentrado,range,0,85,8,558
5ede674,brcities5507,concentrado,range,0,86,0,558
5ede674,brcities5507,concentrado,range,0,87,0,558
5ede674,brcities5507,concentrado,range,0,88,8,566
5ede674,brcities5507,concentrado,range,0,89,8,574
5ede674,brcities5507,concentrado,range,0,90,8,582
5ede674,brcities5507,concentrado,range,0,91,7,589
5ede674,brcities5507,concentrado,range,0,92,8,597
5ede674,brcities5507,concentrado,range,0,93,8,605
5ede674,brcities5507,concentrado,range,0,94,8,613
5ede674,brcities5507,concentrado,range,0,95,8,621
5ede674,brcities5507,concentrado,range,0,96,8,629
5ede674,brcities5507,concentrado,range,0,97,8,637
5ede674,brcities5507,concentrado,range,0,98,8,645
5ede674,brcities5507,concentrado,range,0,99,8,653
5ede674,brcities5507,concentrado,range,0,100,0,653
5ede674,brcities5507,concentrado,range,0,101,1,654
5ede674,brcities5507,concentrado,range,0,102,0,654
5ede674,brcities5507,concentrado,range,0,103,1,655
5ede674,brcities5507,concentrado,range,0,104,0,655
5ede674,brcities5507,concentrado,range,0,105,0,655
5ede674,brcities5507,concentrado,range,0,106,0,655
5ede674,brcities5507,concentrado,range,0,107,6,661
5ede674,brcities5507,concentrado,range,0,108,0,661
5ede674,brcities5507,concentrado,range,0,109,5,666
5ede674,brcities5507,concentrado,range,0,110,6,672
5ede674,brcities5507,concentrado,range,0,111,8,680
5ede674,brcities5507,concentrado,range,0,112,8,688
5ede674,brcities5507,concentrado,range,0,113,8,696
5ede674,brcities5507,concentrado,range,0,114,8,704
5ede674,brcities5507,concentrado,range,0,115,6,710
5ede674,brcities5507,concentrado,range,0,116,0,710
5ede674,brcities5507,concentrado,range,0,117,8,718
5ede674,brcities5507,concentrado,range,0,118,8,726
5ede674,brcities5507,concentrado,range,0,119,1,727
5ede674,brcities5507,concentrado,range,0,120,8,735
5ede674,brcities5507,concentrado,range,0,121,0,735
5ede674,brcities5507,concentrado,range,0,122,0,735
5ede674,brcities5507,concentrado,range,0,123,8,743
5ede674,brcities5507,concentrado,range,0,124,4,747
5ede674,brcities5507,concentrado,range,0,125,8,755
5ede674,brcities5507,concentrado,range,0,126,6,761
5ede674,brcities5507,concentrado,range,0,127,8,769
5ede674,brcities5507,concentrado,range,0,128,0,769
5ede674,brcities5507,concentrado,range,0,129,8,777
5ede674,brcities5507,concentrado,range,0,130,1,778
5ede674,brcities5507,concentrado,range,0,131,7,785
5ede674,brcities5507,concentrado,range,0,132,2,787
5ede674,brcities5507,concentrado,range,0,133,8,795
5ede674,brcities5507,concentrado,range,0,134,3,798
5ede674,brcities5507,concentrado,range,0,135,1,799
5ede674,brcities5507,concentrado,range,0,136,8,807
5ede674,brcities5507,concentrado,range,0,137,7,814
5ede674,brcities5507,concentrado,range,0,138,8,822
5ede674,brcities5507,concentrado,range,0,139,2,824
5ede674,brcities5507,concentrado,range,0,140,8,832
5ede674,brcities5507,concentrado,range,0,141,7,839
5ede674,brcities5507,concentrado,range,0,142,8,847
5ede674,brcities5507,concentrado,range,0,143,0,847
5ede674,brcities5507,concentrado,range,0,144,8,855
5ede674,brcities5507,concentrado,range,0,145,4,859
5ede674,brcities5507,concentrado,range,0,146,7,866
5ede674,brcities5507,concentrado,range,0,147,0,866
5ede674,brcities5507,concentrado,range,0,148,0,866
5ede674,brcities5507,concentrado,range,0,149,5,871
5ede674,brcities5507,concentrado,range,0,150,8,879
5ede674,brcities5507,concentrado,range,0,151,8,887
5ede674,brcities5507,concentrado,range,0,152,0,887
5ede674,brcities5507,concentrado,range,0,153,7,894
5ede674,brcities5507,concentrado,range,0,154,0,894
5ede674,brcities5507,concentrado,range,0,155,0,894
5ede674,brcities5507,concentrado,range,0,156,8,902
5ede674,brcities5507,concentrado,range,0,157,8,910
5ede674,brcities5507,concentrado,range,0,158,4,914
5ede674,brcities5507,concentrado,range,0,159,0,914
5ede674,brcities5507,concentrado,range,0,160,7,921
5ede674,brcities5507,concentrado,range,0,161,0,921
5ede674,brcities5507,concentrado,range,0,162,7,928
5ede674,brcities5507,concentrado,range,0,163,8,936
5ede674,brcities5507,concentrado,range,0,164,3,939
5ede674,brcities5507,concentrado,range,0,165,1,940
5ede674,brcities5507,concentrado,range,0,166,0,940
5ede674,brcities5507,concentrado,range,0,167,5,945
5ede674,brcities5507,concentrado,range,0,168,5,950
5ede674,brcities5507,concentrado,range,0,169,0,950
5ede674,brcities5507,concentrado,range,0,170,8,958
5ede674,brcities5507,concentrado,range,0,171,4,962
5ede674,brcities5507,concentrado,range,0,172,5,967
5ede674,brcities5507,concentrado,range,0,173,8,975
5ede674,brcities5507,concentrado,range,0,174,3,978
5ede674,brcities5507,concentrado,range,0,175,6,984
5ede674,brcities5507,concentrado,range,0,176,6,990
5ede674,brcities5507,concentrado,range,0,177,3,993
5ede674,brcities5507,concentrado,range,0,178,3,996
5ede674,brcities5507,concentrado,range,0,179,0,996
5ede674,brcities5507,concentrado,range,0,180,3,999
5ede674,brcities5507,concentrado,range,0,181,3,1002
5ede674,brcities5507,concentrado,range,0,182,4,1006
5ede674,brcities5507,concentrado,range,0,183,0,1006
5ede674,brcities5507,concentrado,range,0,184,3,1009
5ede674,brcities5507,concentrado,range,0,185,0,1009
5ede674,brcities5507,concentrado,range,0,186,3,1012
5ede674,brcities5507,concentrado,range,0,187,8,1020
5ede674,brcities5507,concentrado,range,0,188,4,1024
5ede674,brcities5507,concentrado,range,0,189,8,1032
5ede674,brcities5507,concentrado,range,0,190,2,1034
5ede674,brcities5507,concentrado,range,0,191,7,1041
5ede674,brcities5507,concentrado,range,0,192,8,1049
5ede674,brcities5507,concentrado,range,0,193,0,1049
5ede674,brcities5507,concentrado,range,0,194,1,1050
5ede674,brcities5507,concentrado,range,0,195,8,1058
5ede674,brcities5507,concentrado,range,0,196,1,1059
5ede674,brcities5507,concentrado,range,0,197,8,1067
5ede674,brcities5507,concentrado,range,0,198,3,1070
5ede674,brcities5507,concentrado,range,0,199,3,1073
5ede674,brcities5507,disperso,knn,0,0,8,8
5ede674,brcities5507,disperso,knn,0,1,8,16
5ede674,brcities5507,disperso,knn,0,2,8,24
5ede674,brcities5507,disperso,knn,0,3,8,32
5ede674,brcities5507,disperso,knn,0,4,8,40
5ede674,brcities5507,disperso,knn,0,5,8,48
5ede674,brcities5507,disperso,knn,0,6,8,56
5ede674,brcities5507,disperso,knn,0,7,8,64
5ede674,brcities5507,disperso,knn,0,8,3,67
5ede674,brcities5507,disperso,knn,0,9,2,69
5ede674,brcities5507,disperso,knn,0,10,6,75
5ede674,brcities5507,disperso,knn,0,11,8,83
5ede674,brcities5507,disperso,knn,0,12,7,90
5ede674,brcities5507,disperso,knn,0,13,0,90
5ede674,brcities5507,disperso,knn,0,14,7,97
5ede674,brcities5507,disperso,knn,0,15,7,104
5ede674,brcities5507,disperso,knn,0,16,0,104
5ede674,brcities5507,disperso,knn,0,17,8,112
5ede674,brcities5507,disperso,knn,0,18,8,120
5ede674,brcities5507,disperso,knn,0,19,8,128
5ede674,brcities5507,disperso,knn,0,20,8,136
5ede674,brcities5507,disperso,knn,0,21,8,144
5ede674,brcities5507,disperso,knn,0,22,8,152
5ede674,brcities5507,disperso,knn,0,23,8,160
5ede674,brcities5507,disperso,knn,0,24,8,168
5ede674,brcities5507,disperso,knn,0,25,8,176
5ede674,brcities5507,disperso,knn,0,26,8,184
5ede674,brcities5507,disperso,knn,0,27,0,184
5ede674,brcities5507,disperso,knn,0,28,3,187
5ede674,brcities5507,disperso,knn,0,29,0,187
5ede674,brcities5507,disperso,knn,0,30,0,187
5ede674,brcities5507,disperso,knn,0,31,0,187
5ede674,brcities5507,disperso,knn,0,32,7,194
5ede674,brcities5507,disperso,knn,0,33,0,194
5ede674,brcities5507,disperso,knn,0,34,5,199
5ede674,brcities5507,disperso,knn,0,35,8,207
5ede674,brcities5507,disperso,knn,0,36,8,215
5ede674,brcities5507,disperso,knn,0,37,7,222
5ede674,brcities5507,disperso,knn,0,38,0,222
5ede674,brcities5507,disperso,knn,0,39,8,230
5ede674,brcities5507,disperso,knn,0,40,6,236
5ede674,brcities5507,disperso,knn,0,41,0,236
5ede674,brcities5507,disperso,knn,0,42,8,244
5ede674,brcities5507,disperso,knn,0,43,0,244
5ede674,brcities5507,disperso,knn,0,44,0,244
5ede674,brcities5507,disperso,knn,0,45,8,252
5ede674,brcities5507,disperso,knn,0,46,0,252
5ede674,brcities5507,disperso,knn,0,47,8,260
5ede674,brcities5507,disperso,knn,0,48,0,260
5ede674,brcities5507,disperso,knn,0,49,3,263
5ede674,brcities5507,disperso,knn,0,50,0,263
5ede674,brcities5507,disperso,knn,0,51,0,263
5ede674,brcities5507,disperso,knn,0,52,0,263
5ede674,brcities5507,disperso,knn,0,53,0,263
5ede674,brcities5507,disperso,knn,0,54,0,263
5ede674,brcities5507,disperso,knn,0,55,0,263
5ede674,brcities5507,disperso,knn,0,56,1,264
5ede674,brcities5507,disperso,knn,0,57,0,264
5ede674,brcities5507,disperso,knn,0,58,0,264
5ede674,brcities5507,disperso,knn,0,59,0,264
5ede674,brcities5507,disperso,knn,0,60,0,264
5ede674,brcities5507,disperso,knn,0,61,0,264
5ede674,brcities5507,disperso,knn,0,62,0,264
5ede674,brcities5507,disperso,knn,0,63,0,264
5ede674,brcities5507,disperso,knn,0,64,0,264
5ede674,brcities5507,disperso,knn,0,65,0,264
5ede674,brcities5507,disperso,knn,0,66,0,264
5ede674,brcities5507,disperso,knn,0,67,0,264
5ede674,brcities5507,disperso,knn,0,68,4,268
5ede674,brcities5507,disperso,knn,0,69,0,268
5ede674,brcities5507,disperso,knn,0,70,0,268
5ede674,brcities5507,disperso,knn,0,71,8,276
5ede674,brcities5507,disperso,knn,0,72,2,278
5ede674,brcities5507,disperso,knn,0,73,0,278
5ede674,brcities5507,disperso,knn,0,74,0,278
5ede674,brcities5507,disperso,knn,0,75,2,280
5ede674,brcities5507,disperso,knn,0,76,0,280
5ede674,brcities5507,disperso,knn,0,77,1,281
5ede674,brcities5507,disperso,knn,0,78,0,281
5ede674,brcities5507,disperso,knn,0,79,8,289
5ede674,brcities5507,disperso,knn,0,80,0,289
5ede674,brcities5507,disperso,knn,0,81,0,289
5ede674,brcities5507,disperso,knn,0,82,1,290
5ede674,brcities5507,disperso,knn,0,83,0,290
5ede674,brcities5507,disperso,knn,0,84,0,290
5ede674,brcities5507,disperso,knn,0,85,0,290
5ede674,brcities5507,disperso,knn,0,86,3,293
5ede674,brcities5507,disperso,knn,0,87,1,294
5ede674,brcities5507,disperso,knn,0,88,0,294
5ede674,brcities5507,disperso,knn,0,89,0,294
5ede674,brcities5507,disperso,knn,0,90,1,295
5ede674,brcities5507,disperso,knn,0,91,1,296
5ede674,brcities5507,disperso,knn,0,92,0,296
5ede674,brcities5507,disperso,knn,0,93,0,296
5ede674,brcities5507,disperso,knn,0,94,0,296
5ede674,brcities5507,disperso,knn,0,95,1,297
5ede674,brcities5507,disperso,knn,0,96,0,297
5ede674,brcities5507,disperso,knn,0,97,0,297
5ede674,brcities5507,disperso,knn,0,98,0,297
5ede674,brcities5507,disperso,knn,0,99,0,297
5ede674,brcities5507,disperso,knn,0,100,8,305
5ede674,brcities5507,disperso,knn,0,101,8,313
5ede674,brcities5507,disperso,knn,0,102,4,317
5ede674,brcities5507,disperso,knn,0,103,0,317
5ede674,brcities5507,disperso,knn,0,104,0,317
5ede674,brcities5507,disperso,knn,0,105,0,317
5ede674,brcities5507,disperso,knn,0,106,0,317
5ede674,brcities5507,disperso,knn,0,107,0,317
5ede674,brcities5507,disperso,knn,0,108,3,320
5ede674,brcities5507,disperso,knn,0,109,1,321
5ede674,brcities5507,disperso,knn,0,110,0,321
5ede674,brcities5507,disperso,knn,0,111,8,329
5ede674,brcities5507,disperso,knn,0,112,3,332
5ede674,brcities5507,disperso,knn,0,113,4,336
5ede674,brcities5507,disperso,knn,0,114,8,344
5ede674,brcities5507,disperso,knn,0,115,3,347
5ede674,brcities5507,disperso,knn,0,116,3,350
5ede674,brcities5507,disperso,knn,0,117,0,350
5ede674,brcities5507,disperso,knn,0,118,0,350
5ede674,brcities5507,disperso,knn,0,119,8,358
5ede674,brcities5507,disperso,knn,0,120,7,365
5ede674,brcities5507,disperso,knn,0,121,8,373
5ede674,brcities5507,disperso,knn,0,122,1,374
5ede674,brcities5507,disperso,knn,0,123,1,375
5ede674,brcities5507,disperso,knn,0,124,8,383
5ede674,brcities5507,disperso,knn,0,125,8,391
5ede674,brcities5507,disperso,knn,0,126,8,399
5ede674,brcities5507,disperso,knn,0,127,8,407
5ede674,brcities5507,disperso,knn,0,128,8,415
5ede674,brcities5507,disperso,knn,0,129,0,415
5ede674,brcities5507,disperso,knn,0,130,0,415
5ede674,brcities5507,disperso,knn,0,131,0,415
5ede674,brcities5507,disperso,knn,0,132,3,418
5ede674,brcities5507,disperso,knn,0,133,0,418
5ede674,brcities5507,disperso,knn,0,134,2,420
5ede674,brcities5507,disperso,knn,0,135,6,426
5ede674,brcities5507,disperso,knn,0,136,1,427
5ede674,brcities5507,disperso,knn,0,137,2,429
5ede674,brcities5507,disperso,knn,0,138,0,429
5ede674,brcities5507,disperso,knn,0,139,0,429
5ede674,brcities5507,disperso,knn,0,140,3,432
5ede674,brcities5507,disperso,knn,0,141,0,432
5ede674,brcities5507,disperso,knn,0,142,0,432
5ede674,brcities5507,disperso,knn,0,143,0,432
5ede674,brcities5507,disperso,knn,0,144,2,434
5ede674,brcities5507,disperso,knn,0,145,8,442
5ede674,brcities5507,disperso,knn,0,146,6,448
5ede674,brcities5507,disperso,knn,0,147,0,448
5ede674,brcities5507,disperso,knn,0,148,2,450
5ede674,brcities5507,disperso,knn,0,149,8,458
5ede674,brcities5507,disperso,knn,0,150,8,466
5ede674,brcities5507,disperso,knn,0,151,8,474
5ede674,brcities5507,disperso,knn,0,152,8,482
5ede674,brcities5507,disperso,knn,0,153,6,488
5ede674,brcities5507,disperso,knn,0,154,0,488
5ede674,brcities5507,disperso,knn,0,155,8,496
5ede674,brcities5507,disperso,knn,0,156,2,498
5ede674,brcities5507,disperso,knn,0,157,0,498
5ede674,brcities5507,disperso,knn,0,158,0,498
5ede674,brcities5507,disperso,knn,0,159,8,506
5ede674,brcities5507,disperso,knn,0,160,4,510
5ede674,brcities5507,disperso,knn,0,161,0,510
5ede674,brcities5507,disperso,knn,0,162,1,511
5ede674,brcities5507,disperso,knn,0,163,0,511
5ede674,brcities5507,disperso,knn,0,164,0,511
5ede674,brcities5507,disperso,knn,0,165,8,519
5ede674,brcities5507,disperso,knn,0,166,8,527
5ede674,brcities5507,disperso,knn,0,167,3,530
5ede674,brcities5507,disperso,knn,0,168,0,530
5ede674,brcities5507,disperso,knn,0,169,1,531
5ede674,brcities5507,disperso,knn,0,170,0,531
5ede674,brcities5507,disperso,knn,0,171,0,531
5ede674,brcities5507,disperso,knn,0,172,3,534
5ede674,brcities5507,disperso,knn,0,173,0,534
5ede674,brcities5507,disperso,knn,0,174,0,534
5ede674,brcities5507,disperso,knn,0,175,0,534
5ede674,brcities5507,disperso,knn,0,176,0,534
5ede674,brcities5507,disperso,knn,0,177,0,534
5ede674,brcities5507,disperso,knn,0,178,0,534
5ede674,brcities5507,disperso,knn,0,179,0,534
5ede674,brcities5507,disperso,knn,0,180,0,534
5ede674,brcities5507,disperso,knn,0,181,0,534
5ede674,brcities5507,disperso,knn,0,182,0,534
5ede674,brcities5507,disperso,knn,0,183,0,534
5ede674,brcities5507,disperso,knn,0,184,0,534
5ede674,brcities5507,disperso,knn,0,185,0,534
5ede674,brcities5507,disperso,knn,0,186,3,537
5ede674,brcities5507,disperso,knn,0,187,8,545
5ede674,brcities5507,disperso,knn,0,188,2,547
5ede674,brcities5507,disperso,knn,0,189,2,549
5ede674,brcities5507,disperso,knn,0,190,0,549
5ede674,brcities5507,disperso,knn,0,191,8,557
5ede674,brcities5507,disperso,knn,0,192,0,557
5ede674,brcities5507,disperso,knn,0,193,0,557
5ede674,brcities5507,disperso,knn,0,194,0,557
5ede674,brcities5507,disperso,knn,0,195,0,557
5ede674,brcities5507,disperso,knn,0,196,0,557
5ede674,brcities5507,disperso,knn,0,197,0,557
5ede674,brcities5507,disperso,knn,0,198,0,557
5ede674,brcities5507,disperso,knn,0,199,0,557
5ede674,brcities5507,disperso,range,0,0,8,8
5ede674,brcities5507,disperso,range,0,1,8,16
5ede674,brcities5507,disperso,range,0,2,8,24
5ede674,brcities5507,disperso,range,0,3,8,32
5ede674,brcities5507,disperso,range,0,4,8,40
5ede674,brcities5507,disperso,range,0,5,8,48
5ede674,brcities5507,disperso,range,0,6,8,56
5ede674,brcities5507,disperso,range,0,7,8,64
5ede674,brcities5507,disperso,range,0,8,3,67
5ede674,brcities5507,disperso,range,0,9,2,69
5ede674,brcities5507,disperso,range,0,10,3,72
5ede674,brcities5507,disperso,range,0,11,3,75
5ede674,brcities5507,disperso,range,0,12,0,75
5ede674,brcities5507,disperso,range,0,13,0,75
5ede674,brcities5507,disperso,range,0,14,0,75
5ede674,brcities5507,disperso,range,0,15,0,75
5ede674,brcities5507,disperso,range,0,16,0,75
5ede674,brcities5507,disperso,range,0,17,8,83
5ede674,brcities5507,disperso,range,0,18,8,91
5ede674,brcities5507,disperso,range,0,19,8,99
5ede674,brcities5507,disperso,range,0,20,8,107
5ede674,brcities5507,disperso,range,0,21,8,115
5ede674,brcities5507,disperso,range,0,22,8,123
5ede674,brcities5507,disperso,range,0,23,8,131
5ede674,brcities5507,disperso,range,0,24,8,139
5ede674,brcities5507,disperso,range,0,25,0,139
5ede674,brcities5507,disperso,range,0,26,1,140
5ede674,brcities5507,disperso,range,0,27,0,140
5ede674,brcities5507,disperso,range,0,28,1,141
5ede674,brcities5507,disperso,range,0,29,0,141
5ede674,brcities5507,disperso,range,0,30,0,141
5ede674,brcities5507,disperso,range,0,31,0,141
5ede674,brcities5507,disperso,range,0,32,6,147
5ede674,brcities5507,disperso,range,0,33,0,147
5ede674,brcities5507,disperso,range,0,34,5,152
5ede674,brcities5507,disperso,range,0,35,6,158
5ede674,brcities5507,disperso,range,0,36,8,166
5ede674,brcities5507,disperso,range,0,37,8,174
5ede674,brcities5507,disperso,range,0,38,8,182
5ede674,brcities5507,disperso,range,0,39,8,190
5ede674,brcities5507,disperso,range,0,40,6,196
5ede674,brcities5507,disperso,range,0,41,0,196
5ede674,brcities5507,disperso,range,0,42,8,204
5ede674,brcities5507,disperso,range,0,43,8,212
5ede674,brcities5507,disperso,range,0,44,1,213
5ede674,brcities5507,disperso,range,0,45,8,221
5ede674,brcities5507,disperso,range,0,46,0,221
5ede674,brcities5507,disperso,range,0,47,0,221
5ede674,brcities5507,disperso,range,0,48,8,229
5ede674,brcities5507,disperso,range,0,49,4,233
5ede674,brcities5507,disperso,range,0,50,0,233
5ede674,brcities5507,disperso,range,0,51,0,233
5ede674,brcities5507,disperso,range,0,52,0,233
5ede674,brcities5507,disperso,range,0,53,0,233
5ede674,brcities5507,disperso,range,0,54,0,233
5ede674,brcities5507,disperso,range,0,55,0,233
5ede674,brcities5507,disperso,range,0,56,0,233
5ede674,brcities5507,disperso,range,0,57,0,233
5ede674,brcities5507,disperso,range,0,58,0,233
5ede674,brcities5507,disperso,range,0,59,0,233
5ede674,brcities5507,disperso,range,0,60,0,233
5ede674,brcities5507,disperso,range,0,61,0,233
5ede674,brcities5507,disperso,range,0,62,0,233
5ede674,brcities5507,disperso,range,0,63,0,233
5ede674,brcities5507,disperso,range,0,64,0,233
5ede674,brcities5507,disperso,range,0,65,0,233
5ede674,brcities5507,disperso,range,0,66,1,234
5ede674,brcities5507,disperso,range,0,67,0,234
5ede674,brcities5507,disperso,range,0,68,0,234
5ede674,brcities5507,disperso,range,0,69,0,234
5ede674,brcities5507,disperso,range,0,70,0,234
5ede674,brcities5507,disperso,range,0,71,2,236
5ede674,brcities5507,disperso,range,0,72,0,236
5ede674,brcities5507,disperso,range,0,73,0,236
5ede674,brcities5507,disperso,range,0,74,0,236
5ede674,brcities5507,disperso,range,0,75,0,236
5ede674,brcities5507,disperso,range,0,76,0,236
5ede674,brcities5507,disperso,range,0,77,0,236
5ede674,brcities5507,disperso,range,0,78,0,236
5ede674,brcities5507,disperso,range,0,79,0,236
5ede674,brcities5507,disperso,range,0,80,0,236
5ede674,brcities5507,disperso,range,0,81,0,236
5ede674,brcities5507,disperso,range,0,82,0,236
5ede674,brcities5507,disperso,range,0,83,0,236
5ede674,brcities5507,disperso,range,0,84,1,237
5ede674,brcities5507,disperso,range,0,85,0,237
5ede674,brcities5507,disperso,range,0,86,0,237
5ede674,brcities5507,disperso,range,0,87,8,245
5ede674,brcities5507,disperso,range,0,88,0,245
5ede674,brcities5507,disperso,range,0,89,0,245
5ede674,brcities5507,disperso,range,0,90,1,246
5ede674,brcities5507,disperso,range,0,91,0,246
5ede674,brcities5507,disperso,range,0,92,0,246
5ede674,brcities5507,disperso,range,0,93,1,247
5ede674,brcities5507,disperso,range,0,94,0,247
5ede674,brcities5507,disperso,range,0,95,0,247
5ede674,brcities5507,disperso,range,0,96,0,247
5ede674,brcities5507,disperso,range,0,97,0,247
5ede674,brcities5507,disperso,range,0,98,0,247
5ede674,brcities5507,disperso,range,0,99,0,247
5ede674,brcities5507,disperso,range,0,100,7,254
5ede674,brcities5507,disperso,range,0,101,0,254
5ede674,brcities5507,disperso,range,0,102,0,254
5ede674,brcities5507,disperso,range,0,103,0,254
5ede674,brcities5507,disperso,range,0,104,0,254
5ede674,brcities5507,disperso,range,0,105,0,254
5ede674,brcities5507,disperso,range,0,106,0,254
5ede674,brcities5507,disperso,range,0,107,0,254
5ede674,brcities5507,disperso,range,0,108,8,262
5ede674,brcities5507,disperso,range,0,109,1,263
5ede674,brcities5507,disperso,range,0,110,0,263
5ede674,brcities5507,disperso,range,0,111,3,266
5ede674,brcities5507,disperso,range,0,112,0,266
5ede674,brcities5507,disperso,range,0,113,1,267
5ede674,brcities5507,disperso,range,0,114,0,267
5ede674,brcities5507,disperso,range,0,115,0,267
5ede674,brcities5507,disperso,range,0,116,0,267
5ede674,brcities5507,disperso,range,0,117,0,267
5ede674,brcities5507,disperso,range,0,118,0,267
5ede674,brcities5507,disperso,range,0,119,5,272
5ede674,brcities5507,disperso,range,0,120,0,272
5ede674,brcities5507,disperso,range,0,121,3,275
5ede674,brcities5507,disperso,range,0,122,0,275
5ede674,brcities5507,disperso,range,0,123,1,276
5ede674,brcities5507,disperso,range,0,124,1,277
5ede674,brcities5507,disperso,range,0,125,8,285
5ede674,brcities5507,disperso,range,0,126,8,293
5ede674,brcities5507,disperso,range,0,127,8,301
5ede674,brcities5507,disperso,range,0,128,0,301
5ede674,brcities5507,disperso,range,0,129,0,301
5ede674,brcities5507,disperso,range,0,130,2,303
5ede674,brcities5507,disperso,range,0,131,1,304
5ede674,brcities5507,disperso,range,0,132,8,312
5ede674,brcities5507,disperso,range,0,133,0,312
5ede674,brcities5507,disperso,range,0,134,2,314
5ede674,brcities5507,disperso,range,0,135,6,320
5ede674,brcities5507,disperso,range,0,136,1,321
5ede674,brcities5507,disperso,range,0,137,0,321
5ede674,brcities5507,disperso,range,0,138,0,321
5ede674,brcities5507,disperso,range,0,139,2,323
5ede674,brcities5507,disperso,range,0,140,0,323
5ede674,brcities5507,disperso,range,0,141,0,323
5ede674,brcities5507,disperso,range,0,142,0,323
5ede674,brcities5507,disperso,range,0,143,0,323
5ede674,brcities5507,disperso,range,0,144,2,325
5ede674,brcities5507,disperso,range,0,145,8,333
5ede674,brcities5507,disperso,range,0,146,0,333
5ede674,brcities5507,disperso,range,0,147,0,333
5ede674,brcities5507,disperso,range,0,148,0,333
5ede674,brcities5507,disperso,range,0,149,8,341
5ede674,brcities5507,disperso,range,0,150,8,349
5ede674,brcities5507,disperso,range,0,151,8,357
5ede674,brcities5507,disperso,range,0,152,8,365
5ede674,brcities5507,disperso,range,0,153,0,365
5ede674,brcities5507,disperso,range,0,154,0,365
5ede674,brcities5507,disperso,range,0,155,8,373
5ede674,brcities5507,disperso,range,0,156,8,381
5ede674,brcities5507,disperso,range,0,157,4,385
5ede674,brcities5507,disperso,range,0,158,6,391
5ede674,brcities5507,disperso,range,0,159,8,399
5ede674,brcities5507,disperso,range,0,160,4,403
5ede674,brcities5507,disperso,range,0,161,0,403
5ede674,brcities5507,disperso,range,0,162,1,404
5ede674,brcities5507,disperso,range,0,163,8,412
5ede674,brcities5507,disperso,range,0,164,0,412
5ede674,brcities5507,disperso,range,0,165,8,420
5ede674,brcities5507,disperso,range,0,166,0,420
5ede674,brcities5507,disperso,range,0,167,3,423
5ede674,brcities5507,disperso,range,0,168,0,423
5ede674,brcities5507,disperso,range,0,169,2,425
5ede674,brcities5507,disperso,range,0,170,0,425
5ede674,brcities5507,disperso,range,0,171,1,426
5ede674,brcities5507,disperso,range,0,172,1,427
5ede674,brcities5507,disperso,range,0,173,0,427
5ede674,brcities5507,disperso,range,0,174,1,428
5ede674,brcities5507,disperso,range,0,175,1,429
5ede674,brcities5507,disperso,range,0,176,0,429
5ede674,brcities5507,disperso,range,0,177,0,429
5ede674,brcities5507,disperso,range,0,178,0,429
5ede674,brcities5507,disperso,range,0,179,0,429
5ede674,brcities5507,disperso,range,0,180,0,429
5ede674,brcities5507,disperso,range,0,181,0,429
5ede674,brcities5507,disperso,range,0,182,0,429
5ede674,brcities5507,disperso,range,0,183,0,429
5ede674,brcities5507,disperso,range,0,184,0,429
5ede674,brcities5507,disperso,range,0,185,0,429
5ede674,brcities5507,disperso,range,0,186,0,429
5ede674,brcities5507,disperso,range,0,187,8,437
5ede674,brcities5507,disperso,range,0,188,1,438
5ede674,brcities5507,disperso,range,0,189,0,438
5ede674,brcities5507,disperso,range,0,190,0,438
5ede674,brcities5507,disperso,range,0,191,8,446
5ede674,brcities5507,disperso,range,0,192,0,446
5ede674,brcities5507,disperso,range,0,193,0,446
5ede674,brcities5507,disperso,range,0,194,0,446
5ede674,brcities5507,disperso,range,0,195,0,446
5ede674,brcities5507,disperso,range,0,196,0,446
5ede674,brcities5507,disperso,range,0,197,0,446
5ede674,brcities5507,disperso,range,0,198,0,446
5ede674,brcities5507,disperso,range,0,199,0,446
5ede674,brcities5507,uniforme,knn,0,0,8,8
5ede674,brcities5507,uniforme,knn,0,1,8,16
5ede674,brcities5507,uniforme,knn,0,2,8,24
5ede674,brcities5507,uniforme,knn,0,3,8,32
5ede674,brcities5507,uniforme,knn,0,4,8,40
5ede674,brcities5507,uniforme,knn,0,5,8,48
5ede674,brcities5507,uniforme,knn,0,6,8,56
5ede674,brcities5507,uniforme,knn,0,7,8,64
5ede674,brcities5507,uniforme,knn,0,8,8,72
5ede674,brcities5507,uniforme,knn,0,9,8,80
5ede674,brcities5507,uniforme,knn,0,10,8,88
5ede674,brcities5507,uniforme,knn,0,11,8,96
5ede674,brcities5507,uniforme,knn,0,12,8,104
5ede674,brcities5507,uniforme,knn,0,13,8,112
5ede674,brcities5507,uniforme,knn,0,14,8,120
5ede674,brcities5507,uniforme,knn,0,15,8,128
5ede674,brcities5507,uniforme,knn,0,16,8,136
5ede674,brcities5507,uniforme,knn,0,17,8,144
5ede674,brcities5507,uniforme,knn,0,18,8,152
5ede674,brcities5507,uniforme,knn,0,19,8,160
5ede674,brcities5507,uniforme,knn,0,20,8,168
5ede674,brcities5507,uniforme,knn,0,21,7,175
5ede674,brcities5507,uniforme,knn,0,22,8,183
5ede674,brcities5507,uniforme,knn,0,23,8,191
5ede674,brcities5507,uniforme,knn,0,24,8,199
5ede674,brcities5507,uniforme,knn,0,25,8,207
5ede674,brcities5507,uniforme,knn,0,26,8,215
5ede674,brcities5507,uniforme,knn,0,27,8,223
5ede674,brcities5507,uniforme,knn,0,28,8,231
5ede674,brcities5507,uniforme,knn,0,29,8,239
5ede674,brcities5507,uniforme,knn,0,30,8,247
5ede674,brcities5507,uniforme,knn,0,31,8,255
5ede674,brcities5507,uniforme,knn,0,32,8,263
5ede674,brcities5507,uniforme,knn,0,33,8,271
5ede674,brcities5507,uniforme,knn,0,34,8,279
5ede674,brcities5507,uniforme,knn,0,35,8,287
5ede674,brcities5507,uniforme,knn,0,36,8,295
5ede674,brcities5507,uniforme,knn,0,37,8,303
5ede674,brcities5507,uniforme,knn,0,38,8,311
5ede674,brcities5507,uniforme,knn,0,39,8,319
5ede674,brcities5507,uniforme,knn,0,40,1,320
5ede674,brcities5507,uniforme,knn,0,41,0,320
5ede674,brcities5507,uniforme,knn,0,42,8,328
5ede674,brcities5507,uniforme,knn,0,43,8,336
5ede674,brcities5507,uniforme,knn,0,44,8,344
5ede674,brcities5507,uniforme,knn,0,45,8,352
5ede674,brcities5507,uniforme,knn,0,46,8,360
5ede674,brcities5507,uniforme,knn,0,47,8,368
5ede674,brcities5507,uniforme,knn,0,48,8,376
5ede674,brcities5507,uniforme,knn,0,49,8,384
5ede674,brcities5507,uniforme,knn,0,50,8,392
5ede674,brcities5507,uniforme,knn,0,51,8,400
5ede674,brcities5507,uniforme,knn,0,52,8,408
5ede674,brcities5507,uniforme,knn,0,53,8,416
5ede674,brcities5507,uniforme,knn,0,54,8,424
5ede674,brcities5507,uniforme,knn,0,55,8,432
5ede674,brcities5507,uniforme,knn,0,56,2,434
5ede674,brcities5507,uniforme,knn,0,57,8,442
5ede674,brcities5507,uniforme,knn,0,58,8,450
5ede674,brcities5507,uniforme,knn,0,59,8,458
5ede674,brcities5507,uniforme,knn,0,60,8,466
5ede674,brcities5507,uniforme,knn,0,61,8,474
5ede674,brcities5507,uniforme,knn,0,62,8,482
5ede674,brcities5507,uniforme,knn,0,63,8,490
5ede674,brcities5507,uniforme,knn,0,64,8,498
5ede674,brcities5507,uniforme,knn,0,65,8,506
5ede674,brcities5507,uniforme,knn,0,66,8,514
5ede674,brcities5507,uniforme,knn,0,67,8,522
5ede674,brcities5507,uniforme,knn,0,68,8,530
5ede674,brcities5507,uniforme,knn,0,69,8,538
5ede674,brcities5507,uniforme,knn,0,70,8,546
5ede674,brcities5507,uniforme,knn,0,71,8,554
5ede674,brcities5507,uniforme,knn,0,72,8,562
5ede674,brcities5507,uniforme,knn,0,73,8,570
5ede674,brcities5507,uniforme,knn,0,74,8,578
5ede674,brcities5507,uniforme,knn,0,75,8,586
5ede674,brcities5507,uniforme,knn,0,76,8,594
5ede674,brcities5507,uniforme,knn,0,77,8,602
5ede674,brcities5507,uniforme,knn,0,78,8,610
5ede674,brcities5507,uniforme,knn,0,79,8,618
5ede674,brcities5507,uniforme,knn,0,80,8,626
5ede674,brcities5507,uniforme,knn,0,81,8,634
5ede674,brcities5507,uniforme,knn,0,82,8,642
5ede674,brcities5507,uniforme,knn,0,83,8,650
5ede674,brcities5507,uniforme,knn,0,84,8,658
5ede674,brcities5507,uniforme,knn,0,85,8,666
5ede674,brcities5507,uniforme,knn,0,86,8,674
5ede674,brcities5507,uniforme,knn,0,87,8,682
5ede674,brcities5507,uniforme,knn,0,88,8,690
5ede674,brcities5507,uniforme,knn,0,89,8,698
5ede674,brcities5507,uniforme,knn,0,90,8,706
5ede674,brcities5507,uniforme,knn,0,91,8,714
5ede674,brcities5507,uniforme,knn,0,92,8,722
5ede674,brcities5507,uniforme,knn,0,93,8,730
5ede674,brcities5507,uniforme,knn,0,94,8,738
5ede674,brcities5507,uniforme,knn,0,95,8,746
5ede674,brcities5507,uniforme,knn,0,96,8,754
5ede674,brcities5507,uniforme,knn,0,97,8,762
5ede674,brcities5507,uniforme,knn,0,98,8,770
5ede674,brcities5507,uniforme,knn,0,99,8,778
5ede674,brcities5507,uniforme,knn,0,100,8,786
5ede674,brcities5507,uniforme,knn,0,101,8,794
5ede674,brcities5507,uniforme,knn,0,102,8,802
5ede674,brcities5507,uniforme,knn,0,103,8,810
5ede674,brcities5507,uniforme,knn,0,104,8,818
5ede674,brcities5507,uniforme,knn,0,105,8,826
5ede674,brcities5507,uniforme,knn,0,106,8,834
5ede674,brcities5507,uniforme,knn,0,107,0,834
5ede674,brcities5507,uniforme,knn,0,108,8,842
5ede674,brcities5507,uniforme,knn,0,109,8,850
5ede674,brcities5507,uniforme,knn,0,110,8,858
5ede674,brcities5507,uniforme,knn,0,111,8,866
5ede674,brcities5507,uniforme,knn,0,112,8,874
5ede674,brcities5507,uniforme,knn,0,113,8,882
5ede674,brcities5507,uniforme,knn,0,114,8,890
5ede674,brcities5507,uniforme,knn,0,115,8,898
5ede674,brcities5507,uniforme,knn,0,116,8,906
5ede674,brcities5507,uniforme,knn,0,117,8,914
5ede674,brcities5507,uniforme,knn,0,118,8,922
5ede674,brcities5507,uniforme,knn,0,119,8,930
5ede674,brcities5507,uniforme,knn,0,120,8,938
5ede674,brcities5507,uniforme,knn,0,121,8,946
5ede674,brcities5507,uniforme,knn,0,122,8,954
5ede674,brcities5507,uniforme,knn,0,123,8,962
5ede674,brcities5507,uniforme,knn,0,124,6,968
5ede674,brcities5507,uniforme,knn,0,125,8,976
5ede674,brcities5507,uniforme,knn,0,126,8,984
5ede674,brcities5507,uniforme,knn,0,127,0,984
5ede674,brcities5507,uniforme,knn,0,128,8,992
5ede674,brcities5507,uniforme,knn,0,129,8,1000
5ede674,brcities5507,uniforme,knn,0,130,8,1008
5ede674,brcities5507,uniforme,knn,0,131,8,1016
5ede674,brcities5507,uniforme,knn,0,132,8,1024
5ede674,brcities5507,uniforme,knn,0,133,8,1032
5ede674,brcities5507,uniforme,knn,0,134,0,1032
5ede674,brcities5507,uniforme,knn,0,135,8,1040
5ede674,brcities5507,uniforme,knn,0,136,8,1048
5ede674,brcities5507,uniforme,knn,0,137,8,1056
5ede674,brcities5507,uniforme,knn,0,138,8,1064
5ede674,brcities5507,uniforme,knn,0,139,8,1072
5ede674,brcities5507,uniforme,knn,0,140,8,1080
5ede674,brcities5507,uniforme,knn,0,141,8,1088
5ede674,brcities5507,uniforme,knn,0,142,8,1096
5ede674,brcities5507,uniforme,knn,0,143,8,1104
5ede674,brcities5507,uniforme,knn,0,144,8,1112
5ede674,brcities5507,uniforme,knn,0,145,8,1120
5ede674,brcities5507,uniforme,knn,0,146,8,1128
5ede674,brcities5507,uniforme,knn,0,147,8,1136
5ede674,brcities5507,uniforme,knn,0,148,8,1144
5ede674,brcities5507,uniforme,knn,0,149,8,1152
5ede674,brcities5507,uniforme,knn,0,150,8,1160
5ede674,brcities5507,uniforme,knn,0,151,8,1168
5ede674,brcities5507,uniforme,knn,0,152,8,1176
5ede674,brcities5507,uniforme,knn,0,153,8,1184
5ede674,brcities5507,uniforme,knn,0,154,8,1192
5ede674,brcities5507,uniforme,knn,0,155,8,1200
5ede674,brcities5507,uniforme,knn,0,156,8,1208
5ede674,brcities5507,uniforme,knn,0,157,8,1216
5ede674,brcities5507,uniforme,knn,0,158,8,1224
5ede674,brcities5507,uniforme,knn,0,159,8,1232
5ede674,brcities5507,uniforme,knn,0,160,8,1240
5ede674,brcities5507,uniforme,knn,0,161,8,1248
5ede674,brcities5507,uniforme,knn,0,162,8,1256
5ede674,brcities5507,uniforme,knn,0,163,8,1264
5ede674,brcities5507,uniforme,knn,0,164,0,1264
5ede674,brcities5507,uniforme,knn,0,165,8,1272
5ede674,brcities5507,uniforme,knn,0,166,8,1280
5ede674,brcities5507,uniforme,knn,0,167,8,1288
5ede674,brcities5507,uniforme,knn,0,168,8,1296
5ede674,brcities5507,uniforme,knn,0,169,8,1304
5ede674,brcities5507,uniforme,knn,0,170,8,1312
5ede674,brcities5507,uniforme,knn,0,171,8,1320
5ede674,brcities5507,uniforme,knn,0,172,8,1328
5ede674,brcities5507,uniforme,knn,0,173,0,1328
5ede674,brcities5507,uniforme,knn,0,174,8,1336
5ede674,brcities5507,uniforme,knn,0,175,8,1344
5ede674,brcities5507,uniforme,knn,0,176,8,1352
5ede674,brcities5507,uniforme,knn,0,177,8,1360
5ede674,brcities5507,uniforme,knn,0,178,0,1360
5ede674,brcities5507,uniforme,knn,0,179,8,1368
5ede674,brcities5507,uniforme,knn,0,180,8,1376
5ede674,brcities5507,uniforme,knn,0,181,8,1384
5ede674,brcities5507,uniforme,knn,0,182,8,1392
5ede674,brcities5507,uniforme,knn,0,183,8,1400
5ede674,brcities5507,uniforme,knn,0,184,8,1408
5ede674,brcities5507,uniforme,knn,0,185,8,1416
5ede674,brcities5507,uniforme,knn,0,186,8,1424
5ede674,brcities5507,uniforme,knn,0,187,6,1430
5ede674,brcities5507,uniforme,knn,0,188,8,1438
5ede674,brcities5507,uniforme,knn,0,189,2,1440
5ede674,brcities5507,uniforme,knn,0,190,2,1442
5ede674,brcities5507,uniforme,knn,0,191,8,1450
5ede674,brcities5507,uniforme,knn,0,192,8,1458
5ede674,brcities5507,uniforme,knn,0,193,7,1465
5ede674,brcities5507,uniforme,knn,0,194,8,1473
5ede674,brcities5507,uniforme,knn,0,195,8,1481
5ede674,brcities5507,uniforme,knn,0,196,0,1481
5ede674,brcities5507,uniforme,knn,0,197,8,1489
5ede674,brcities5507,uniforme,knn,0,198,8,1497
5ede674,brcities5507,uniforme,knn,0,199,8,1505
5ede674,brcities5507,uniforme,range,0,0,8,8
5ede674,brcities5507,uniforme,range,0,1,8,16
5ede674,brcities5507,uniforme,range,0,2,8,24
5ede674,brcities5507,uniforme,range,0,3,8,32
5ede674,brcities5507,uniforme,range,0,4,8,40
5ede674,brcities5507,uniforme,range,0,5,8,48
5ede674,brcities5507,uniforme,range,0,6,8,56
5ede674,brcities5507,uniforme,range,0,7,1,57
5ede674,brcities5507,uniforme,range,0,8,8,65
5ede674,brcities5507,uniforme,range,0,9,8,73
5ede674,brcities5507,uniforme,range,0,10,8,81
5ede674,brcities5507,uniforme,range,0,11,8,89
5ede674,brcities5507,uniforme,range,0,12,8,97
5ede674,brcities5507,uniforme,range,0,13,8,105
5ede674,brcities5507,uniforme,range,0,14,8,113
5ede674,brcities5507,uniforme,range,0,15,8,121
5ede674,brcities5507,uniforme,range,0,16,8,129
5ede674,brcities5507,uniforme,range,0,17,8,137
5ede674,brcities5507,uniforme,range,0,18,8,145
5ede674,brcities5507,uniforme,range,0,19,8,153
5ede674,brcities5507,uniforme,range,0,20,8,161
5ede674,brcities5507,uniforme,range,0,21,0,161
5ede674,brcities5507,uniforme,range,0,22,8,169
5ede674,brcities5507,uniforme,range,0,23,8,177
5ede674,brcities5507,uniforme,range,0,24,8,185
5ede674,brcities5507,uniforme,range,0,25,8,193
5ede674,brcities5507,uniforme,range,0,26,8,201
5ede674,brcities5507,uniforme,range,0,27,8,209
5ede674,brcities5507,uniforme,range,0,28,8,217
5ede674,brcities5507,uniforme,range,0,29,8,225
5ede674,brcities5507,uniforme,range,0,30,8,233
5ede674,brcities5507,uniforme,range,0,31,8,241
5ede674,brcities5507,uniforme,range,0,32,8,249
5ede674,brcities5507,uniforme,range,0,33,8,257
5ede674,brcities5507,uniforme,range,0,34,8,265
5ede674,brcities5507,uniforme,range,0,35,8,273
5ede674,brcities5507,uniforme,range,0,36,8,281
5ede674,brcities5507,uniforme,range,0,37,8,289
5ede674,brcities5507,uniforme,range,0,38,8,297
5ede674,brcities5507,uniforme,range,0,39,8,305
5ede674,brcities5507,uniforme,range,0,40,0,305
5ede674,brcities5507,uniforme,range,0,41,0,305
5ede674,brcities5507,uniforme,range,0,42,8,313
5ede674,brcities5507,uniforme,range,0,43,8,321
5ede674,brcities5507,uniforme,range,0,44,7,328
5ede674,brcities5507,uniforme,range,0,45,8,336
5ede674,brcities5507,uniforme,range,0,46,8,344
5ede674,brcities5507,uniforme,range,0,47,8,352
5ede674,brcities5507,uniforme,range,0,48,8,360
5ede674,brcities5507,uniforme,range,0,49,8,368
5ede674,brcities5507,uniforme,range,0,50,8,376
5ede674,brcities5507,uniforme,range,0,51,8,384
5ede674,brcities5507,uniforme,range,0,52,8,392
5ede674,brcities5507,uniforme,range,0,53,8,400
5ede674,brcities5507,uniforme,range,0,54,8,408
5ede674,brcities5507,uniforme,range,0,55,8,416
5ede674,brcities5507,uniforme,range,0,56,8,424
5ede674,brcities5507,uniforme,range,0,57,8,432
5ede674,brcities5507,uniforme,range,0,58,8,440
5ede674,brcities5507,uniforme,range,0,59,0,440
5ede674,brcities5507,uniforme,range,0,60,8,448
5ede674,brcities5507,uniforme,range,0,61,8,456
5ede674,brcities5507,uniforme,range,0,62,8,464
5ede674,brcities5507,uniforme,range,0,63,8,472
5ede674,brcities5507,uniforme,range,0,64,8,480
5ede674,brcities5507,uniforme,range,0,65,8,488
5ede674,brcities5507,uniforme,range,0,66,8,496
5ede674,brcities5507,uniforme,range,0,67,8,504
5ede674,brcities5507,uniforme,range,0,68,8,512
5ede674,brcities5507,uniforme,range,0,69,8,520
5ede674,brcities5507,uniforme,range,0,70,8,528
5ede674,brcities5507,uniforme,range,0,71,8,536
5ede674,brcities5507,uniforme,range,0,72,8,544
5ede674,brcities5507,uniforme,range,0,73,8,552
5ede674,brcities5507,uniforme,range,0,74,8,560
5ede674,brcities5507,uniforme,range,0,75,8,568
5ede674,brcities5507,uniforme,range,0,76,8,576
5ede674,brcities5507,uniforme,range,0,77,8,584
5ede674,brcities5507,uniforme,range,0,78,8,592
5ede674,brcities5507,uniforme,range,0,79,8,600
5ede674,brcities5507,uniforme,range,0,80,8,608
5ede674,brcities5507,uniforme,range,0,81,8,616
5ede674,brcities5507,uniforme,range,0,82,8,624
5ede674,brcities5507,uniforme,range,0,83,8,632
5ede674,brcities5507,uniforme,range,0,84,8,640
5ede674,brcities5507,uniforme,range,0,85,8,648
5ede674,brcities5507,uniforme,range,0,86,8,656
5ede674,brcities5507,uniforme,range,0,87,8,664
5ede674,brcities5507,uniforme,range,0,88,8,672
5ede674,brcities5507,uniforme,range,0,89,8,680
5ede674,brcities5507,uniforme,range,0,90,8,688
5ede674,brcities5507,uniforme,range,0,91,8,696
5ede674,brcities5507,uniforme,range,0,92,8,704
5ede674,brcities5507,uniforme,range,0,93,8,712
5ede674,brcities5507,uniforme,range,0,94,8,720
5ede674,brcities5507,uniforme,range,0,95,8,728
5ede674,brcities5507,uniforme,range,0,96,8,736
5ede674,brcities5507,uniforme,range,0,97,8,744
5ede674,brcities5507,uniforme,range,0,98,8,752
5ede674,brcities5507,uniforme,range,0,99,8,760
5ede674,brcities5507,uniforme,range,0,100,8,768
5ede674,brcities5507,uniforme,range,0,101,8,776
5ede674,brcities5507,uniforme,range,0,102,8,784
5ede674,brcities5507,uniforme,range,0,103,8,792
5ede674,brcities5507,uniforme,range,0,104,8,800
5ede674,brcities5507,uniforme,range,0,105,8,808
5ede674,brcities5507,uniforme,range,0,106,8,816
5ede674,brcities5507,uniforme,range,0,107,1,817
5ede674,brcities5507,uniforme,range,0,108,8,825
5ede674,brcities5507,uniforme,range,0,109,8,833
5ede674,brcities5507,uniforme,range,0,110,8,841
5ede674,brcities5507,uniforme,range,0,111,7,848
5ede674,brcities5507,uniforme,range,0,112,8,856
5ede674,brcities5507,uniforme,range,0,113,8,864
5ede674,brcities5507,uniforme,range,0,114,8,872
5ede674,brcities5507,uniforme,range,0,115,8,880
5ede674,brcities5507,uniforme,range,0,116,8,888
5ede674,brcities5507,uniforme,range,0,117,8,896
5ede674,brcities5507,uniforme,range,0,118,8,904
5ede674,brcities5507,uniforme,range,0,119,8,912
5ede674,brcities5507,uniforme,range,0,120,8,920
5ede674,brcities5507,uniforme,range,0,121,8,928
5ede674,brcities5507,uniforme,range,0,122,4,932
5ede674,brcities5507,uniforme,range,0,123,8,940
5ede674,brcities5507,uniforme,range,0,124,8,948
5ede674,brcities5507,uniforme,range,0,125,8,956
5ede674,brcities5507,uniforme,range,0,126,8,964
5ede674,brcities5507,uniforme,range,0,127,0,964
5ede674,brcities5507,uniforme,range,0,128,8,972
5ede674,brcities5507,uniforme,range,0,129,8,980
5ede674,brcities5507,uniforme,range,0,130,8,988
5ede674,brcities5507,uniforme,range,0,131,8,996
5ede674,brcities5507,uniforme,range,0,132,8,1004
5ede674,brcities5507,uniforme,range,0,133,8,1012
5ede674,brcities5507,uniforme,range,0,134,0,1012
5ede674,brcities5507,uniforme,range,0,135,8,1020
5ede674,brcities5507,uniforme,range,0,136,8,1028
5ede674,brcities5507,uniforme,range,0,137,8,1036
5ede674,brcities5507,uniforme,range,0,138,8,1044
5ede674,brcities5507,uniforme,range,0,139,8,1052
5ede674,brcities5507,uniforme,range,0,140,8,1060
5ede674,brcities5507,uniforme,range,0,141,6,1066
5ede674,brcities5507,uniforme,range,0,142,8,1074
5ede674,brcities5507,uniforme,range,0,143,8,1082
5ede674,brcities5507,uniforme,range,0,144,8,1090
5ede674,brcities5507,uniforme,range,0,145,8,1098
5ede674,brcities5507,uniforme,range,0,146,8,1106
5ede674,brcities5507,uniforme,range,0,147,8,1114
5ede674,brcities5507,uniforme,range,0,148,8,1122
5ede674,brcities5507,uniforme,range,0,149,8,1130
5ede674,brcities5507,uniforme,range,0,150,8,1138
5ede674,brcities5507,uniforme,range,0,151,8,1146
5ede674,brcities5507,uniforme,range,0,152,0,1146
5ede674,brcities5507,uniforme,range,0,153,8,1154
5ede674,brcities5507,uniforme,range,0,154,8,1162
5ede674,brcities5507,uniforme,range,0,155,8,1170
5ede674,brcities5507,uniforme,range,0,156,8,1178
5ede674,brcities5507,uniforme,range,0,157,8,1186
5ede674,brcities5507,uniforme,range,0,158,8,1194
5ede674,brcities5507,uniforme,range,0,159,8,1202
5ede674,brcities5507,uniforme,range,0,160,8,1210
5ede674,brcities5507,uniforme,range,0,161,8,1218
5ede674,brcities5507,uniforme,range,0,162,8,1226
5ede674,brcities5507,uniforme,range,0,163,8,1234
5ede674,brcities5507,uniforme,range,0,164,0,1234
5ede674,brcities5507,uniforme,range,0,165,8,1242
5ede674,brcities5507,uniforme,range,0,166,8,1250
5ede674,brcities5507,uniforme,range,0,167,8,1258
5ede674,brcities5507,uniforme,range,0,168,8,1266
5ede674,brcities5507,uniforme,range,0,169,8,1274
5ede674,brcities5507,uniforme,range,0,170,8,1282
5ede674,brcities5507,uniforme,range,0,171,8,1290
5ede674,brcities5507,uniforme,range,0,172,8,1298
5ede674,brcities5507,uniforme,range,0,173,6,1304
5ede674,brcities5507,uniforme,range,0,174,8,1312
5ede674,brcities5507,uniforme,range,0,175,8,1320
5ede674,brcities5507,uniforme,range,0,176,8,1328
5ede674,brcities5507,uniforme,range,0,177,8,1336
5ede674,brcities5507,uniforme,range,0,178,0,1336
5ede674,brcities5507,uniforme,range,0,179,8,1344
5ede674,brcities5507,uniforme,range,0,180,8,1352
5ede674,brcities5507,uniforme,range,0,181,8,1360
5ede674,brcities5507,uniforme,range,0,182,8,1368
5ede674,brcities5507,uniforme,range,0,183,8,1376
5ede674,brcities5507,uniforme,range,0,184,8,1384
5ede674,brcities5507,uniforme,range,0,185,8,1392
5ede674,brcities5507,uniforme,range,0,186,8,1400
5ede674,brcities5507,uniforme,range,0,187,8,1408
5ede674,brcities5507,uniforme,range,0,188,8,1416
5ede674,brcities5507,uniforme,range,0,189,7,1423
5ede674,brcities5507,uniforme,range,0,190,8,1431
5ede674,brcities5507,uniforme,range,0,191,8,1439
5ede674,brcities5507,uniforme,range,0,192,8,1447
5ede674,brcities5507,uniforme,range,0,193,8,1455
5ede674,brcities5507,uniforme,range,0,194,8,1463
5ede674,brcities5507,uniforme,range,0,195,8,1471
5ede674,brcities5507,uniforme,range,0,196,0,1471
5ede674,brcities5507,uniforme,range,0,197,8,1479
5ede674,brcities5507,uniforme,range,0,198,8,1487
5ede674,brcities5507,uniforme,range,0,199,8,1495
5ede674,brcities5507,disperso,knn,1,0,8,8
5ede674,brcities5507,disperso,knn,1,1,8,16
5ede674,brcities5507,disperso,knn,1,2,8,24
5ede674,brcities5507,disperso,knn,1,3,8,32
5ede674,brcities5507,disperso,knn,1,4,8,40
5ede674,brcities5507,disperso,knn,1,5,8,48
5ede674,brcities5507,disperso,knn,1,6,8,56
5ede674,brcities5507,disperso,knn,1,7,8,64
5ede674,brcities5507,disperso,knn,1,8,3,67
5ede674,brcities5507,disperso,knn,1,9,2,69
5ede674,brcities5507,disperso,knn,1,10,6,75
5ede674,brcities5507,disperso,knn,1,11,8,83
5ede674,brcities5507,disperso,knn,1,12,7,90
5ede674,brcities5507,disperso,knn,1,13,0,90
5ede674,brcities5507,disperso,knn,1,14,7,97
5ede674,brcities5507,disperso,knn,1,15,7,104
5ede674,brcities5507,disperso,knn,1,16,0,104
5ede674,brcities5507,disperso,knn,1,17,8,112
5ede674,brcities5507,disperso,knn,1,18,8,120
5ede674,brcities5507,disperso,knn,1,19,8,128
5ede674,brcities5507,disperso,knn,1,20,8,136
5ede674,brcities5507,disperso,knn,1,21,8,144
5ede674,brcities5507,disperso,knn,1,22,8,152
5ede674,brcities5507,disperso,knn,1,23,8,160
5ede674,brcities5507,disperso,knn,1,24,8,168
5ede674,brcities5507,disperso,knn,1,25,8,176
5ede674,brcities5507,disperso,knn,1,26,8,184
5ede674,brcities5507,disperso,knn,1,27,0,184
5ede674,brcities5507,disperso,knn,1,28,3,187
5ede674,brcities5507,disperso,knn,1,29,0,187
5ede674,brcities5507,disperso,knn,1,30,0,187
5ede674,brcities5507,disperso,knn,1,31,0,187
5ede674,brcities5507,disperso,knn,1,32,7,194
5ede674,brcities5507,disperso,knn,1,33,0,194
5ede674,brcities5507,disperso,knn,1,34,5,199
5ede674,brcities5507,disperso,knn,1,35,8,207
5ede674,brcities5507,disperso,knn,1,36,8,215
5ede674,brcities5507,disperso,knn,1,37,7,222
5ede674,brcities5507,disperso,knn,1,38,0,222
5ede674,brcities5507,disperso,knn,1,39,8,230
5ede674,brcities5507,disperso,knn,1,40,6,236
5ede674,brcities5507,disperso,knn,1,41,0,236
5ede674,brcities5507,disperso,knn,1,42,8,244
5ede674,brcities5507,disperso,knn,1,43,0,244
5ede674,brcities5507,disperso,knn,1,44,0,244
5ede674,brcities5507,disperso,knn,1,45,8,252
5ede674,brcities5507,disperso,knn,1,46,0,252
5ede674,brcities5507,disperso,knn,1,47,8,260
5ede674,brcities5507,disperso,knn,1,48,0,260
5ede674,brcities5507,disperso,knn,1,49,3,263
5ede674,brcities5507,disperso,knn,1,50,0,263
5ede674,brcities5507,disperso,knn,1,51,0,263
5ede674,brcities5507,disperso,knn,1,52,0,263
5ede674,brcities5507,disperso,knn,1,53,0,263
5ede674,brcities5507,disperso,knn,1,54,0,263
5ede674,brcities5507,disperso,knn,1,55,0,263
5ede674,brcities5507,disperso,knn,1,56,1,264
5ede674,brcities5507,disperso,knn,1,57,0,264
5ede674,brcities5507,disperso,knn,1,58,0,264
5ede674,brcities5507,disperso,knn,1,59,0,264
5ede674,brcities5507,disperso,knn,1,60,0,264
5ede674,brcities5507,disperso,knn,1,61,0,264
5ede674,brcities5507,disperso,knn,1,62,0,264
5ede674,brcities5507,disperso,knn,1,63,0,264
5ede674,brcities5507,disperso,knn,1,64,0,264
5ede674,brcities5507,disperso,knn,1,65,0,264
5ede674,brcities5507,disperso,knn,1,66,0,264
5ede674,brcities5507,disperso,knn,1,67,0,264
5ede674,brcities5507,disperso,knn,1,68,4,268
5ede674,brcities5507,disperso,knn,1,69,0,268
5ede674,brcities5507,disperso,knn,1,70,0,268
5ede674,brcities5507,disperso,knn,1,71,8,276
5ede674,brcities5507,disperso,knn,1,72,2,278
5ede674,brcities5507,disperso,knn,1,73,0,278
5ede674,brcities5507,disperso,knn,1,74,0,278
5ede674,brcities5507,disperso,knn,1,75,2,280
5ede674,brcities5507,disperso,knn,1,76,0,280
5ede674,brcities5507,disperso,knn,1,77,1,281
5ede674,brcities5507,disperso,knn,1,78,0,281
5ede674,brcities5507,disperso,knn,1,79,8,289
5ede674,brcities5507,disperso,knn,1,80,0,289
5ede674,brcities5507,disperso,knn,1,81,0,289
5ede674,brcities5507,disperso,knn,1,82,1,290
5ede674,brcities5507,disperso,knn,1,83,0,290
5ede674,brcities5507,disperso,knn,1,84,0,290
5ede674,brcities5507,disperso,knn,1,85,0,290
5ede674,brcities5507,disperso,knn,1,86,3,293
5ede674,brcities5507,disperso,knn,1,87,1,294
5ede674,brcities5507,disperso,knn,1,88,0,294
5ede674,brcities5507,disperso,knn,1,89,0,294
5ede674,brcities5507,disperso,knn,1,90,1,295
5ede674,brcities5507,disperso,knn,1,91,1,296
5ede674,brcities5507,disperso,knn,1,92,0,296
5ede674,brcities5507,disperso,knn,1,93,0,296
5ede674,brcities5507,disperso,knn,1,94,0,296
5ede674,brcities5507,disperso,knn,1,95,1,297
5ede674,brcities5507,disperso,knn,1,96,0,297
5ede674,brcities5507,disperso,knn,1,97,0,297
5ede674,brcities5507,disperso,knn,1,98,0,297
5ede674,brcities5507,disperso,knn,1,99,0,297
5ede674,brcities5507,disperso,knn,1,100,8,305
5ede674,brcities5507,disperso,knn,1,101,8,313
5ede674,brcities5507,disperso,knn,1,102,4,317
5ede674,brcities5507,disperso,knn,1,103,0,317
5ede674,brcities5507,disperso,knn,1,104,0,317
5ede674,brcities5507,disperso,knn,1,105,0,317
5ede674,brcities5507,disperso,knn,1,106,0,317
5ede674,brcities5507,disperso,knn,1,107,0,317
5ede674,brcities5507,disperso,knn,1,108,3,320
5ede674,brcities5507,disperso,knn,1,109,1,321
5ede674,brcities5507,disperso,knn,1,110,0,321
5ede674,brcities5507,disperso,knn,1,111,8,329
5ede674,brcities5507,disperso,knn,1,112,3,332
5ede674,brcities5507,disperso,knn,1,113,4,336
5ede674,brcities5507,disperso,knn,1,114,8,344
5ede674,brcities5507,disperso,knn,1,115,3,347
5ede674,brcities5507,disperso,knn,1,116,3,350
5ede674,brcities5507,disperso,knn,1,117,0,350
5ede674,brcities5507,disperso,knn,1,118,0,350
5ede674,brcities5507,disperso,knn,1,119,8,358
5ede674,brcities5507,disperso,knn,1,120,7,365
5ede674,brcities5507,disperso,knn,1,121,8,373
5ede674,brcities5507,disperso,knn,1,122,1,374
5ede674,brcities5507,disperso,knn,1,123,1,375
5ede674,brcities5507,disperso,knn,1,124,8,383
5ede674,brcities5507,disperso,knn,1,125,8,391
5ede674,brcities5507,disperso,knn,1,126,8,399
5ede674,brcities5507,disperso,knn,1,127,8,407
5ede674,brcities5507,disperso,knn,1,128,8,415
5ede674,brcities5507,disperso,knn,1,129,0,415
5ede674,brcities5507,disperso,knn,1,130,0,415
5ede674,brcities5507,disperso,knn,1,131,0,415
5ede674,brcities5507,disperso,knn,1,132,3,418
5ede674,brcities5507,disperso,knn,1,133,0,418
5ede674,brcities5507,disperso,knn,1,134,2,420
5ede674,brcities5507,disperso,knn,1,135,6,426
5ede674,brcities5507,disperso,knn,1,136,1,427
5ede674,brcities5507,disperso,knn,1,137,2,429
5ede674,brcities5507,disperso,knn,1,138,0,429
5ede674,brcities5507,disperso,knn,1,139,0,429
5ede674,brcities5507,disperso,knn,1,140,3,432
5ede674,brcities5507,disperso,knn,1,141,0,432
5ede674,brcities5507,disperso,knn,1,142,0,432
5ede674,brcities5507,disperso,knn,1,143,0,432
5ede674,brcities5507,disperso,knn,1,144,2,434
5ede674,brcities5507,disperso,knn,1,145,8,442
5ede674,brcities5507,disperso,knn,1,146,6,448
5ede674,brcities5507,disperso,knn,1,147,0,448
5ede674,brcities5507,disperso,knn,1,148,2,450
5ede674,brcities5507,disperso,knn,1,149,8,458
5ede674,brcities5507,disperso,knn,1,150,8,466
5ede674,brcities5507,disperso,knn,1,151,8,474
5ede674,brcities5507,disperso,knn,1,152,8,482
5ede674,brcities5507,disperso,knn,1,153,6,488
5ede674,brcities5507,disperso,knn,1,154,0,488
5ede674,brcities5507,disperso,knn,1,155,8,496
5ede674,brcities5507,disperso,knn,1,156,2,498
5ede674,brcities5507,disperso,knn,1,157,0,498
5ede674,brcities5507,disperso,knn,1,158,0,498
5ede674,brcities5507,disperso,knn,1,159,8,506
5ede674,brcities5507,disperso,knn,1,160,4,510
5ede674,brcities5507,disperso,knn,1,161,0,510
5ede674,brcities5507,disperso,knn,1,162,1,511
5ede674,brcities5507,disperso,knn,1,163,0,511
5ede674,brcities5507,disperso,knn,1,164,0,511
5ede674,brcities5507,disperso,knn,1,165,8,519
5ede674,brcities5507,disperso,knn,1,166,8,527
5ede674,brcities5507,disperso,knn,1,167,3,530
5ede674,brcities5507,disperso,knn,1,168,0,530
5ede674,brcities5507,disperso,knn,1,169,1,531
5ede674,brcities5507,disperso,knn,1,170,0,531
5ede674,brcities5507,disperso,knn,1,171,0,531
5ede674,brcities5507,disperso,knn,1,172,3,534
5ede674,brcities5507,disperso,knn,1,173,0,534
5ede674,brcities5507,disperso,knn,1,174,0,534
5ede674,brcities5507,disperso,knn,1,175,0,534
5ede674,brcities5507,disperso,knn,1,176,0,534
5ede674,brcities5507,disperso,knn,1,177,0,534
5ede674,brcities5507,disperso,knn,1,178,0,534
5ede674,brcities5507,disperso,knn,1,179,0,534
5ede674,brcities5507,disperso,knn,1,180,0,534
5ede674,brcities5507,disperso,knn,1,181,0,534
5ede674,brcities5507,disperso,knn,1,182,0,534
5ede674,brcities5507,disperso,knn,1,183,0,534
5ede674,brcities5507,disperso,knn,1,184,0,534
5ede674,brcities5507,disperso,knn,1,185,0,534
5ede674,brcities5507,disperso,knn,1,186,3,537
5ede674,brcities5507,disperso,knn,1,187,8,545
5ede674,brcities5507,disperso,knn,1,188,2,547
5ede674,brcities5507,disperso,knn,1,189,2,549
5ede674,brcities5507,disperso,knn,1,190,0,549
5ede674,brcities5507,disperso,knn,1,191,8,557
5ede674,brcities5507,disperso,knn,1,192,0,557
5ede674,brcities5507,disperso,knn,1,193,0,557
5ede674,brcities5507,disperso,knn,1,194,0,557
5ede674,brcities5507,disperso,knn,1,195,0,557
5ede674,brcities5507,disperso,knn,1,196,0,557
5ede674,brcities5507,disperso,knn,1,197,0,557
5ede674,brcities5507,disperso,knn,1,198,0,557
5ede674,brcities5507,disperso,knn,1,199,0,557
5ede674,brcities5507,disperso,range,1,0,8,8
5ede674,brcities5507,disperso,range,1,1,8,16
5ede674,brcities5507,disperso,range,1,2,8,24
5ede674,brcities5507,disperso,range,1,3,8,32
5ede674,brcities5507,disperso,range,1,4,8,40
5ede674,brcities5507,disperso,range,1,5,8,48
5ede674,brcities5507,disperso,range,1,6,8,56
5ede674,brcities5507,disperso,range,1,7,8,64
5ede674,brcities5507,disperso,range,1,8,3,67
5ede674,brcities5507,disperso,range,1,9,2,69
5ede674,brcities5507,disperso,range,1,10,3,72
5ede674,brcities5507,disperso,range,1,11,3,75
5ede674,brcities5507,disperso,range,1,12,0,75
5ede674,brcities5507,disperso,range,1,13,0,75
5ede674,brcities5507,disperso,range,1,14,0,75
5ede674,brcities5507,disperso,range,1,15,0,75
5ede674,brcities5507,disperso,range,1,16,0,75
5ede674,brcities5507,disperso,range,1,17,8,83
5ede674,brcities5507,disperso,range,1,18,8,91
5ede674,brcities5507,disperso,range,1,19,8,99
5ede674,brcities5507,disperso,range,1,20,8,107
5ede674,brcities5507,disperso,range,1,21,8,115
5ede674,brcities5507,disperso,range,1,22,8,123
5ede674,brcities5507,disperso,range,1,23,8,131
5ede674,brcities5507,disperso,range,1,24,8,139
5ede674,brcities5507,disperso,range,1,25,0,139
5ede674,brcities5507,disperso,range,1,26,1,140
5ede674,brcities5507,disperso,range,1,27,0,140
5ede674,brcities5507,disperso,range,1,28,1,141
5ede674,brcities5507,disperso,range,1,29,0,141
5ede674,brcities5507,disperso,range,1,30,0,141
5ede674,brcities5507,disperso,range,1,31,0,141
5ede674,brcities5507,disperso,range,1,32,6,147
5ede674,brcities5507,disperso,range,1,33,0,147
5ede674,brcities5507,disperso,range,1,34,5,152
5ede674,brcities5507,disperso,range,1,35,6,158
5ede674,brcities5507,disperso,range,1,36,8,166
5ede674,brcities5507,disperso,range,1,37,8,174
5ede674,brcities5507,disperso,range,1,38,8,182
5ede674,brcities5507,disperso,range,1,39,8,190
5ede674,brcities5507,disperso,range,1,40,6,196
5ede674,brcities5507,disperso,range,1,41,0,196
5ede674,brcities5507,disperso,range,1,42,8,204
5ede674,brcities5507,disperso,range,1,43,8,212
5ede674,brcities5507,disperso,range,1,44,1,213
5ede674,brcities5507,disperso,range,1,45,8,221
5ede674,brcities5507,disperso,range,1,46,0,221
5ede674,brcities5507,disperso,range,1,47,0,221
5ede674,brcities5507,disperso,range,1,48,8,229
5ede674,brcities5507,disperso,range,1,49,4,233
5ede674,brcities5507,disperso,range,1,50,0,233
5ede674,brcities5507,disperso,range,1,51,0,233
5ede674,brcities5507,disperso,range,1,52,0,233
5ede674,brcities5507,disperso,range,1,53,0,233
5ede674,brcities5507,disperso,range,1,54,0,233
5ede674,brcities5507,disperso,range,1,55,0,233
5ede674,brcities5507,disperso,range,1,56,0,233
5ede674,brcities5507,disperso,range,1,57,0,233
5ede674,brcities5507,disperso,range,1,58,0,233
5ede674,brcities5507,disperso,range,1,59,0,233
5ede674,brcities5507,disperso,range,1,60,0,233
5ede674,brcities5507,disperso,range,1,61,0,233
5ede674,brcities5507,disperso,range,1,62,0,233
5ede674,brcities5507,disperso,range,1,63,0,233
5ede674,brcities5507,disperso,range,1,64,0,233
5ede674,brcities5507,disperso,range,1,65,0,233
5ede674,brcities5507,disperso,range,1,66,1,234
5ede674,brcities5507,disperso,range,1,67,0,234
5ede674,brcities5507,disperso,range,1,68,0,234
5ede674,brcities5507,disperso,range,1,69,0,234
5ede674,brcities5507,disperso,range,1,70,0,234
5ede674,brcities5507,disperso,range,1,71,2,236
5ede674,brcities5507,disperso,range,1,72,0,236
5ede674,brcities5507,disperso,range,1,73,0,236
5ede674,brcities5507,disperso,range,1,74,0,236
5ede674,brcities5507,disperso,range,1,75,0,236
5ede674,brcities5507,disperso,range,1,76,0,236
5ede674,brcities5507,disperso,range,1,77,0,236
5ede674,brcities5507,disperso,range,1,78,0,236
5ede674,brcities5507,disperso,range,1,79,0,236
5ede674,brcities5507,disperso,range,1,80,0,236
5ede674,brcities5507,disperso,range,1,81,0,236
5ede674,brcities5507,disperso,range,1,82,0,236
5ede674,brcities5507,disperso,range,1,83,0,236
5ede674,brcities5507,disperso,range,1,84,1,237
5ede674,brcities5507,disperso,range,1,85,0,237
5ede674,brcities5507,disperso,range,1,86,0,237
5ede674,brcities5507,disperso,range,1,87,8,245
5ede674,brcities5507,disperso,range,1,88,0,245
5ede674,brcities5507,disperso,range,1,89,0,245
5ede674,brcities5507,disperso,range,1,90,1,246
5ede674,brcities5507,disperso,range,1,91,0,246
5ede674,brcities5507,disperso,range,1,92,0,246
5ede674,brcities5507,disperso,range,1,93,1,247
5ede674,brcities5507,disperso,range,1,94,0,247
5ede674,brcities5507,disperso,range,1,95,0,247
5ede674,brcities5507,disperso,range,1,96,0,247
5ede674,brcities5507,disperso,range,1,97,0,247
5ede674,brcities5507,disperso,range,1,98,0,247
5ede674,brcities5507,disperso,range,1,99,0,247
5ede674,brcities5507,disperso,range,1,100,7,254
5ede674,brcities5507,disperso,range,1,101,0,254
5ede674,brcities5507,disperso,range,1,102,0,254
5ede674,brcities5507,disperso,range,1,103,0,254
5ede674,brcities5507,disperso,range,1,104,0,254
5ede674,brcities5507,disperso,range,1,105,0,254
5ede674,brcities5507,disperso,range,1,106,0,254
5ede674,brcities5507,disperso,range,1,107,0,254
5ede674,brcities5507,disperso,range,1,108,8,262
5ede674,brcities5507,disperso,range,1,109,1,263
5ede674,brcities5507,disperso,range,1,110,0,263
5ede674,brcities5507,disperso,range,1,111,3,266
5ede674,brcities5507,disperso,range,1,112,0,266
5ede674,brcities5507,disperso,range,1,113,1,267
5ede674,brcities5507,disperso,range,1,114,0,267
5ede674,brcities5507,disperso,range,1,115,0,267
5ede674,brcities5507,disperso,range,1,116,0,267
5ede674,brcities5507,disperso,range,1,117,0,267
5ede674,brcities5507,disperso,range,1,118,0,267
5ede674,brcities5507,disperso,range,1,119,5,272
5ede674,brcities5507,disperso,range,1,120,0,272
5ede674,brcities5507,disperso,range,1,121,3,275
5ede674,brcities5507,disperso,range,1,122,0,275
5ede674,brcities5507,disperso,range,1,123,1,276
5ede674,brcities5507,disperso,range,1,124,1,277
5ede674,brcities5507,disperso,range,1,125,8,285
5ede674,brcities5507,disperso,range,1,126,8,293
5ede674,brcities5507,disperso,range,1,127,8,301
5ede674,brcities5507,disperso,range,1,128,0,301
5ede674,brcities5507,disperso,range,1,129,0,301
5ede674,brcities5507,disperso,range,1,130,2,303
5ede674,brcities5507,disperso,range,1,131,1,304
5ede674,brcities5507,disperso,range,1,132,8,312
5ede674,brcities5507,disperso,range,1,133,0,312
5ede674,brcities5507,disperso,range,1,134,2,314
5ede674,brcities5507,disperso,range,1,135,6,320
5ede674,brcities5507,disperso,range,1,136,1,321
5ede674,brcities5507,disperso,range,1,137,0,321
5ede674,brcities5507,disperso,range,1,138,0,321
5ede674,brcities5507,disperso,range,1,139,2,323
5ede674,brcities5507,disperso,range,1,140,0,323
5ede674,brcities5507,disperso,range,1,141,0,323
5ede674,brcities5507,disperso,range,1,142,0,323
5ede674,brcities5507,disperso,range,1,143,0,323
5ede674,brcities5507,disperso,range,1,144,2,325
5ede674,brcities5507,disperso,range,1,145,8,333
5ede674,brcities5507,disperso,range,1,146,0,333
5ede674,brcities5507,disperso,range,1,147,0,333
5ede674,brcities5507,disperso,range,1,148,0,333
5ede674,brcities5507,disperso,range,1,149,8,341
5ede674,brcities5507,disperso,range,1,150,8,349
5ede674,brcities5507,disperso,range,1,151,8,357
5ede674,brcities5507,disperso,range,1,152,8,365
5ede674,brcities5507,disperso,range,1,153,0,365
5ede674,brcities5507,disperso,range,1,154,0,365
5ede674,brcities5507,disperso,range,1,155,8,373
5ede674,brcities5507,disperso,range,1,156,8,381
5ede674,brcities5507,disperso,range,1,157,4,385
5ede674,brcities5507,disperso,range,1,158,6,391
5ede674,brcities5507,disperso,range,1,159,8,399
5ede674,brcities5507,disperso,range,1,160,4,403
5ede674,brcities5507,disperso,range,1,161,0,403
5ede674,brcities5507,disperso,range,1,162,1,404
5ede674,brcities5507,disperso,range,1,163,8,412
5ede674,brcities5507,disperso,range,1,164,0,412
5ede674,brcities5507,disperso,range,1,165,8,420
5ede674,brcities5507,disperso,range,1,166,0,420
5ede674,brcities5507,disperso,range,1,167,3,423
5ede674,brcities5507,disperso,range,1,168,0,423
5ede674,brcities5507,disperso,range,1,169,2,425
5ede674,brcities5507,disperso,range,1,170,0,425
5ede674,brcities5507,disperso,range,1,171,1,426
5ede674,brcities5507,disperso,range,1,172,1,427
5ede674,brcities5507,disperso,range,1,173,0,427
5ede674,brcities5507,disperso,range,1,174,1,428
5ede674,brcities5507,disperso,range,1,175,1,429
5ede674,brcities5507,disperso,range,1,176,0,429
5ede674,brcities5507,disperso,range,1,177,0,429
5ede674,brcities5507,disperso,range,1,178,0,429
5ede674,brcities5507,disperso,range,1,179,0,429
5ede674,brcities5507,disperso,range,1,180,0,429
5ede674,brcities5507,disperso,range,1,181,0,429
5ede674,brcities5507,disperso,range,1,182,0,429
5ede674,brcities5507,disperso,range,1,183,0,429
5ede674,brcities5507,disperso,range,1,184,0,429
5ede674,brcities5507,disperso,range,1,185,0,429
5ede674,brcities5507,disperso,range,1,186,0,429
5ede674,brcities5507,disperso,range,1,187,8,437
5ede674,brcities5507,disperso,range,1,188,1,438
5ede674,brcities5507,disperso,range,1,189,0,438
5ede674,brcities5507,disperso,range,1,190,0,438
5ede674,brcities5507,disperso,range,1,191,8,446
5ede674,brcities5507,disperso,range,1,192,0,446
5ede674,brcities5507,disperso,range,1,193,0,446
5ede674,brcities5507,disperso,range,1,194,0,446
5ede674,brcities5507,disperso,range,1,195,0,446
5ede674,brcities5507,disperso,range,1,196,0,446
5ede674,brcities5507,disperso,range,1,197,0,446
5ede674,brcities5507,disperso,range,1,198,0,446
5ede674,brcities5507,disperso,range,1,199,0,446
5ede674,brcities5507,uniforme,knn,1,0,8,8
5ede674,brcities5507,uniforme,knn,1,1,8,16
5ede674,brcities5507,uniforme,knn,1,2,8,24
5ede674,brcities5507,uniforme,knn,1,3,8,32
5ede674,brcities5507,uniforme,knn,1,4,8,40
5ede674,brcities5507,uniforme,knn,1,5,8,48
5ede674,brcities5507,uniforme,knn,1,6,8,56
5ede674,brcities5507,uniforme,knn,1,7,8,64
5ede674,brcities5507,uniforme,knn,1,8,8,72
5ede674,brcities5507,uniforme,knn,1,9,8,80
5ede674,brcities5507,uniforme,knn,1,10,8,88
5ede674,brcities5507,uniforme,knn,1,11,8,96
5ede674,brcities5507,uniforme,knn,1,12,8,104
5ede674,brcities5507,uniforme,knn,1,13,8,112
5ede674,brcities5507,uniforme,knn,1,14,8,120
5ede674,brcities5507,uniforme,knn,1,15,8,128
5ede674,brcities5507,uniforme,knn,1,16,8,136
5ede674,brcities5507,uniforme,knn,1,17,8,144
5ede674,brcities5507,uniforme,knn,1,18,8,152
5ede674,brcities5507,uniforme,knn,1,19,8,160
5ede674,brcities5507,uniforme,knn,1,20,8,168
5ede674,brcities5507,uniforme,knn,1,21,7,175
5ede674,brcities5507,uniforme,knn,1,22,8,183
5ede674,brcities5507,uniforme,knn,1,23,8,191
5ede674,brcities5507,uniforme,knn,1,24,8,199
5ede674,brcities5507,uniforme,knn,1,25,8,207
5ede674,brcities5507,uniforme,knn,1,26,8,215
5ede674,brcities5507,uniforme,knn,1,27,8,223
5ede674,brcities5507,uniforme,knn,1,28,8,231
5ede674,brcities5507,uniforme,knn,1,29,8,239
5ede674,brcities5507,uniforme,knn,1,30,8,247
5ede674,brcities5507,uniforme,knn,1,31,8,255
5ede674,brcities5507,uniforme,knn,1,32,8,263
5ede674,brcities5507,uniforme,knn,1,33,8,271
5ede674,brcities5507,uniforme,knn,1,34,8,279
5ede674,brcities5507,uniforme,knn,1,35,8,287
5ede674,brcities5507,uniforme,knn,1,36,8,295
5ede674,brcities5507,uniforme,knn,1,37,8,303
5ede674,brcities5507,uniforme,knn,1,38,8,311
5ede674,brcities5507,uniforme,knn,1,39,8,319
5ede674,brcities5507,uniforme,knn,1,40,1,320
5ede674,brcities5507,uniforme,knn,1,41,0,320
5ede674,brcities5507,uniforme,knn,1,42,8,328
5ede674,brcities5507,uniforme,knn,1,43,8,336
5ede674,brcities5507,uniforme,knn,1,44,8,344
5ede674,brcities5507,uniforme,knn,1,45,8,352
5ede674,brcities5507,uniforme,knn,1,46,8,360
5ede674,brcities5507,uniforme,knn,1,47,8,368
5ede674,brcities5507,uniforme,knn,1,48,8,376
5ede674,brcities5507,uniforme,knn,1,49,8,384
5ede674,brcities5507,uniforme,knn,1,50,8,392
5ede674,brcities5507,uniforme,knn,1,51,8,400
5ede674,brcities5507,uniforme,knn,1,52,8,408
5ede674,brcities5507,uniforme,knn,1,53,8,416
5ede674,brcities5507,uniforme,knn,1,54,8,424
5ede674,brcities5507,uniforme,knn,1,55,8,432
5ede674,brcities5507,uniforme,knn,1,56,2,434
5ede674,brcities5507,uniforme,knn,1,57,8,442
5ede674,brcities5507,uniforme,knn,1,58,8,450
5ede674,brcities5507,uniforme,knn,1,59,8,458
5ede674,brcities5507,uniforme,knn,1,60,8,466
5ede674,brcities5507,uniforme,knn,1,61,8,474
5ede674,brcities5507,uniforme,knn,1,62,8,482
5ede674,brcities5507,uniforme,knn,1,63,8,490
5ede674,brcities5507,uniforme,knn,1,64,8,498
5ede674,brcities5507,uniforme,knn,1,65,8,506
5ede674,brcities5507,uniforme,knn,1,66,8,514
5ede674,brcities5507,uniforme,knn,1,67,8,522
5ede674,brcities5507,uniforme,knn,1,68,8,530
5ede674,brcities5507,uniforme,knn,1,69,8,538
5ede674,brcities5507,uniforme,knn,1,70,8,546
5ede674,brcities5507,uniforme,knn,1,71,8,554
5ede674,brcities5507,uniforme,knn,1,72,8,562
5ede674,brcities5507,uniforme,knn,1,73,8,570
5ede674,brcities5507,uniforme,knn,1,74,8,578
5ede674,brcities5507,uniforme,knn,1,75,8,586
5ede674,brcities5507,uniforme,knn,1,76,8,594
5ede674,brcities5507,uniforme,knn,1,77,8,602
5ede674,brcities5507,uniforme,knn,1,78,8,610
5ede674,brcities5507,uniforme,knn,1,79,8,618
5ede674,brcities5507,uniforme,knn,1,80,8,626
5ede674,brcities5507,uniforme,knn,1,81,8,634
5ede674,brcities5507,uniforme,knn,1,82,8,642
5ede674,brcities5507,uniforme,knn,1,83,8,650
5ede674,brcities5507,uniforme,knn,1,84,8,658
5ede674,brcities5507,uniforme,knn,1,85,8,666
5ede674,brcities5507,uniforme,knn,1,86,8,674
5ede674,brcities5507,uniforme,knn,1,87,8,682
5ede674,brcities5507,uniforme,knn,1,88,8,690
5ede674,brcities5507,uniforme,knn,1,89,8,698
5ede674,brcities5507,uniforme,knn,1,90,8,706
5ede674,brcities5507,uniforme,knn,1,91,8,714
5ede674,brcities5507,uniforme,knn,1,92,8,722
5ede674,brcities5507,uniforme,knn,1,93,8,730
5ede674,brcities5507,uniforme,knn,1,94,8,738
5ede674,brcities5507,uniforme,knn,1,95,8,746
5ede674,brcities5507,uniforme,knn,1,96,8,754
5ede674,brcities5507,uniforme,knn,1,97,8,762
5ede674,brcities5507,uniforme,knn,1,98,8,770
5ede674,brcities5507,uniforme,knn,1,99,8,778
5ede674,brcities5507,uniforme,knn,1,100,8,786
5ede674,brcities5507,uniforme,knn,1,101,8,794
5ede674,brcities5507,uniforme,knn,1,102,8,802
5ede674,brcities5507,uniforme,knn,1,103,8,810
5ede674,brcities5507,uniforme,knn,1,104,8,818
5ede674,brcities5507,uniforme,knn,1,105,8,826
5ede674,brcities5507,uniforme,knn,1,106,8,834
5ede674,brcities5507,uniforme,knn,1,107,0,834
5ede674,brcities5507,uniforme,knn,1,108,8,842
5ede674,brcities5507,uniforme,knn,1,109,8,850
5ede674,brcities5507,uniforme,knn,1,110,8,858
5ede674,brcities5507,uniforme,knn,1,111,8,866
5ede674,brcities5507,uniforme,knn,1,112,8,874
5ede674,brcities5507,uniforme,knn,1,113,8,882
5ede674,brcities5507,uniforme,knn,1,114,8,890
5ede674,brcities5507,uniforme,knn,1,115,8,898
5ede674,brcities5507,uniforme,knn,1,116,8,906
5ede674,brcities5507,uniforme,knn,1,117,8,914
5ede674,brcities5507,uniforme,knn,1,118,8,922
5ede674,brcities5507,uniforme,knn,1,119,8,930
5ede674,brcities5507,uniforme,knn,1,120,8,938
5ede674,brcities5507,uniforme,knn,1,121,8,946
5ede674,brcities5507,uniforme,knn,1,122,8,954
5ede674,brcities5507,uniforme,knn,1,123,8,962
5ede674,brcities5507,uniforme,knn,1,124,6,968
5ede674,brcities5507,uniforme,knn,1,125,8,976
5ede674,brcities5507,uniforme,knn,1,126,8,984
5ede674,brcities5507,uniforme,knn,1,127,0,984
5ede674,brcities5507,uniforme,knn,1,128,8,992
5ede674,brcities5507,uniforme,knn,1,129,8,1000
5ede674,brcities5507,uniforme,knn,1,130,8,1008
5ede674,brcities5507,uniforme,knn,1,131,8,1016
5ede674,brcities5507,uniforme,knn,1,132,8,1024
5ede674,brcities5507,uniforme,knn,1,133,8,1032
5ede674,brcities5507,uniforme,knn,1,134,0,1032
5ede674,brcities5507,uniforme,knn,1,135,8,1040
5ede674,brcities5507,uniforme,knn,1,136,8,1048
5ede674,brcities5507,uniforme,knn,1,137,8,1056
5ede674,brcities5507,uniforme,knn,1,138,8,1064
5ede674,brcities5507,uniforme,knn,1,139,8,1072
5ede674,brcities5507,uniforme,knn,1,140,8,1080
5ede674,brcities5507,uniforme,knn,1,141,8,1088
5ede674,brcities5507,uniforme,knn,1,142,8,1096
5ede674,brcities5507,uniforme,knn,1,143,8,1104
5ede674,brcities5507,uniforme,knn,1,144,8,1112
5ede674,brcities5507,uniforme,knn,1,145,8,1120
5ede674,brcities5507,uniforme,knn,1,146,8,1128
5ede674,brcities5507,uniforme,knn,1,147,8,1136
5ede674,brcities5507,uniforme,knn,1,148,8,1144
5ede674,brcities5507,uniforme,knn,1,149,8,1152
5ede674,brcities5507,uniforme,knn,1,150,8,1160
5ede674,brcities5507,uniforme,knn,1,151,8,1168
5ede674,brcities5507,uniforme,knn,1,152,8,1176
5ede674,brcities5507,uniforme,knn,1,153,8,1184
5ede674,brcities5507,uniforme,knn,1,154,8,1192
5ede674,brcities5507,uniforme,knn,1,155,8,1200
5ede674,brcities5507,uniforme,knn,1,156,8,1208
5ede674,brcities5507,uniforme,knn,1,157,8,1216
5ede674,brcities5507,uniforme,knn,1,158,8,1224
5ede674,brcities5507,uniforme,knn,1,159,8,1232
5ede674,brcities5507,uniforme,knn,1,160,8,1240
5ede674,brcities5507,uniforme,knn,1,161,8,1248
5ede674,brcities5507,uniforme,knn,1,162,8,1256
5ede674,brcities5507,uniforme,knn,1,163,8,1264
5ede674,brcities5507,uniforme,knn,1,164,0,1264
5ede674,brcities5507,uniforme,knn,1,165,8,1272
5ede674,brcities5507,uniforme,knn,1,166,8,1280
5ede674,brcities5507,uniforme,knn,1,167,8,1288
5ede674,brcities5507,uniforme,knn,1,168,8,1296
5ede674,brcities5507,uniforme,knn,1,169,8,1304
5ede674,brcities5507,uniforme,knn,1,170,8,1312
5ede674,brcities5507,uniforme,knn,1,171,8,1320
5ede674,brcities5507,uniforme,knn,1,172,8,1328
5ede674,brcities5507,uniforme,knn,1,173,0,1328
5ede674,brcities5507,uniforme,knn,1,174,8,1336
5ede674,brcities5507,uniforme,knn,1,175,8,1344
5ede674,brcities5507,uniforme,knn,1,176,8,1352
5ede674,brcities5507,uniforme,knn,1,177,8,1360
5ede674,brcities5507,uniforme,knn,1,178,0,1360
5ede674,brcities5507,uniforme,knn,1,179,8,1368
5ede674,brcities5507,uniforme,knn,1,180,8,1376
5ede674,brcities5507,uniforme,knn,1,181,8,1384
5ede674,brcities5507,uniforme,knn,1,182,8,1392
5ede674,brcities5507,uniforme,knn,1,183,8,1400
5ede674,brcities5507,uniforme,knn,1,184,8,1408
5ede674,brcities5507,uniforme,knn,1,185,8,1416
5ede674,brcities5507,uniforme,knn,1,186,8,1424
5ede674,brcities5507,uniforme,knn,1,187,6,1430
5ede674,brcities5507,uniforme,knn,1,188,8,1438
5ede674,brcities5507,uniforme,knn,1,189,2,1440
5ede674,brcities5507,uniforme,knn,1,190,2,1442
5ede674,brcities5507,uniforme,knn,1,191,8,1450
5ede674,brcities5507,uniforme,knn,1,192,8,1458
5ede674,brcities5507,uniforme,knn,1,193,7,1465
5ede674,brcities5507,uniforme,knn,1,194,8,1473
5ede674,brcities5507,uniforme,knn,1,195,8,1481
5ede674,brcities5507,uniforme,knn,1,196,0,1481
5ede674,brcities5507,uniforme,knn,1,197,8,1489
5ede674,brcities5507,uniforme,knn,1,198,8,1497
5ede674,brcities5507,uniforme,knn,1,199,8,1505
5ede674,brcities5507,uniforme,range,1,0,8,8
5ede674,brcities5507,uniforme,range,1,1,8,16
5ede674,brcities5507,uniforme,range,1,2,8,24
5ede674,brcities5507,uniforme,range,1,3,8,32
5ede674,brcities5507,uniforme,range,1,4,8,40
5ede674,brcities5507,uniforme,range,1,5,8,48
5ede674,brcities5507,uniforme,range,1,6,8,56
5ede674,brcities5507,uniforme,range,1,7,1,57
5ede674,brcities5507,uniforme,range,1,8,8,65
5ede674,brcities5507,uniforme,range,1,9,8,73
5ede674,brcities5507,uniforme,range,1,10,8,81
5ede674,brcities5507,uniforme,range,1,11,8,89
5ede674,brcities5507,uniforme,range,1,12,8,97
5ede674,brcities5507,uniforme,range,1,13,8,105
5ede674,brcities5507,uniforme,range,1,14,8,113
5ede674,brcities5507,uniforme,range,1,15,8,121
5ede674,brcities5507,uniforme,range,1,16,8,129
5ede674,brcities5507,uniforme,range,1,17,8,137
5ede674,brcities5507,uniforme,range,1,18,8,145
5ede674,brcities5507,uniforme,range,1,19,8,153
5ede674,brcities5507,uniforme,range,1,20,8,161
5ede674,brcities5507,uniforme,range,1,21,0,161
5ede674,brcities5507,uniforme,range,1,22,8,169
5ede674,brcities5507,uniforme,range,1,23,8,177
5ede674,brcities5507,uniforme,range,1,24,8,185
5ede674,brcities5507,uniforme,range,1,25,8,193
5ede674,brcities5507,uniforme,range,1,26,8,201
5ede674,brcities5507,uniforme,range,1,27,8,209
5ede674,brcities5507,uniforme,range,1,28,8,217
5ede674,brcities5507,uniforme,range,1,29,8,225
5ede674,brcities5507,uniforme,range,1,30,8,233
5ede674,brcities5507,uniforme,range,1,31,8,241
5ede674,brcities5507,uniforme,range,1,32,8,249
5ede674,brcities5507,uniforme,range,1,33,8,257
5ede674,brcities5507,uniforme,range,1,34,8,265
5ede674,brcities5507,uniforme,range,1,35,8,273
5ede674,brcities5507,uniforme,range,1,36,8,281
5ede674,brcities5507,uniforme,range,1,37,8,289
5ede674,brcities5507,uniforme,range,1,38,8,297
5ede674,brcities5507,uniforme,range,1,39,8,305
5ede674,brcities5507,uniforme,range,1,40,0,305
5ede674,brcities5507,uniforme,range,1,41,0,305
5ede674,brcities5507,uniforme,range,1,42,8,313
5ede674,brcities5507,uniforme,range,1,43,8,321
5ede674,brcities5507,uniforme,range,1,44,7,328
5ede674,brcities5507,uniforme,range,1,45,8,336
5ede674,brcities5507,uniforme,range,1,46,8,344
5ede674,brcities5507,uniforme,range,1,47,8,352
5ede674,brcities5507,uniforme,range,1,48,8,360
5ede674,brcities5507,uniforme,range,1,49,8,368
5ede674,brcities5507,uniforme,range,1,50,8,376
5ede674,brcities5507,uniforme,range,1,51,8,384
5ede674,brcities5507,uniforme,range,1,52,8,392
5ede674,brcities5507,uniforme,range,1,53,8,400
5ede674,brcities5507,uniforme,range,1,54,8,408
5ede674,brcities5507,uniforme,range,1,55,8,416
5ede674,brcities5507,uniforme,range,1,56,8,424
5ede674,brcities5507,uniforme,range,1,57,8,432
5ede674,brcities5507,uniforme,range,1,58,8,440
5ede674,brcities5507,uniforme,range,1,59,0,440
5ede674,brcities5507,uniforme,range,1,60,8,448
5ede674,brcities5507,uniforme,range,1,61,8,456
5ede674,brcities5507,uniforme,range,1,62,8,464
5ede674,brcities5507,uniforme,range,1,63,8,472
5ede674,brcities5507,uniforme,range,1,64,8,480
5ede674,brcities5507,uniforme,range,1,65,8,488
5ede674,brcities5507,uniforme,range,1,66,8,496
5ede674,brcities5507,uniforme,range,1,67,8,504
5ede674,brcities5507,uniforme,range,1,68,8,512
5ede674,brcities5507,uniforme,range,1,69,8,520
5ede674,brcities5507,uniforme,range,1,70,8,528
5ede674,brcities5507,uniforme,range,1,71,8,536
5ede674,brcities5507,uniforme,range,1,72,8,544
5ede674,brcities5507,uniforme,range,1,73,8,552
5ede674,brcities5507,uniforme,range,1,74,8,560
5ede674,brcities5507,uniforme,range,1,75,8,568
5ede674,brcities5507,uniforme,range,1,76,8,576
5ede674,brcities5507,uniforme,range,1,77,8,584
5ede674,brcities5507,uniforme,range,1,78,8,592
5ede674,brcities5507,uniforme,range,1,79,8,600
5ede674,brcities5507,uniforme,range,1,80,8,608
5ede674,brcities5507,uniforme,range,1,81,8,616
5ede674,brcities5507,uniforme,range,1,82,8,624
5ede674,brcities5507,uniforme,range,1,83,8,632
5ede674,brcities5507,uniforme,range,1,84,8,640
5ede674,brcities5507,uniforme,range,1,85,8,648
5ede674,brcities5507,uniforme,range,1,86,8,656
5ede674,brcities5507,uniforme,range,1,87,8,664
5ede674,brcities5507,uniforme,range,1,88,8,672
5ede674,brcities5507,uniforme,range,1,89,8,680
5ede674,brcities5507,uniforme,range,1,90,8,688
5ede674,brcities5507,uniforme,range,1,91,8,696
5ede674,brcities5507,uniforme,range,1,92,8,704
5ede674,brcities5507,uniforme,range,1,93,8,712
5ede674,brcities5507,uniforme,range,1,94,8,720
5ede674,brcities5507,uniforme,range,1,95,8,728
5ede674,brcities5507,uniforme,range,1,96,8,736
5ede674,brcities5507,uniforme,range,1,97,8,744
5ede674,brcities5507,uniforme,range,1,98,8,752
5ede674,brcities5507,uniforme,range,1,99,8,760
5ede674,brcities5507,uniforme,range,1,100,8,768
5ede674,brcities5507,uniforme,range,1,101,8,776
5ede674,brcities5507,uniforme,range,1,102,8,784
5ede674,brcities5507,uniforme,range,1,103,8,792
5ede674,brcities5507,uniforme,range,1,104,8,800
5ede674,brcities5507,uniforme,range,1,105,8,808
5ede674,brcities5507,uniforme,range,1,106,8,816
5ede674,brcities5507,uniforme,range,1,107,1,817
5ede674,brcities5507,uniforme,range,1,108,8,825
5ede674,brcities5507,uniforme,range,1,109,8,833
5ede674,brcities5507,uniforme,range,1,110,8,841
5ede674,brcities5507,uniforme,range,1,111,7,848
5ede674,brcities5507,uniforme,range,1,112,8,856
5ede674,brcities5507,uniforme,range,1,113,8,864
5ede674,brcities5507,uniforme,range,1,114,8,872
5ede674,brcities5507,uniforme,range,1,115,8,880
5ede674,brcities5507,uniforme,range,1,116,8,888
5ede674,brcities5507,uniforme,range,1,117,8,896
5ede674,brcities5507,uniforme,range,1,118,8,904
5ede674,brcities5507,uniforme,range,1,119,8,912
5ede674,brcities5507,uniforme,range,1,120,8,920
5ede674,brcities5507,uniforme,range,1,121,8,928
5ede674,brcities5507,uniforme,range,1,122,4,932
5ede674,brcities5507,uniforme,range,1,123,8,940
5ede674,brcities5507,uniforme,range,1,124,8,948
5ede674,brcities5507,uniforme,range,1,125,8,956
5ede674,brcities5507,uniforme,range,1,126,8,964
5ede674,brcities5507,uniforme,range,1,127,0,964
5ede674,brcities5507,uniforme,range,1,128,8,972
5ede674,brcities5507,uniforme,range,1,129,8,980
5ede674,brcities5507,uniforme,range,1,130,8,988
5ede674,brcities5507,uniforme,range,1,131,8,996
5ede674,brcities5507,uniforme,range,1,132,8,1004
5ede674,brcities5507,uniforme,range,1,133,8,1012
5ede674,brcities5507,uniforme,range,1,134,0,1012
5ede674,brcities5507,uniforme,range,1,135,8,1020
5ede674,brcities5507,uniforme,range,1,136,8,1028
5ede674,brcities5507,uniforme,range,1,137,8,1036
5ede674,brcities5507,uniforme,range,1,138,8,1044
5ede674,brcities5507,uniforme,range,1,139,8,1052
5ede674,brcities5507,uniforme,range,1,140,8,1060
5ede674,brcities5507,uniforme,range,1,141,6,1066
5ede674,brcities5507,uniforme,range,1,142,8,1074
5ede674,brcities5507,uniforme,range,1,143,8,1082
5ede674,brcities5507,uniforme,range,1,144,8,1090
5ede674,brcities5507,uniforme,range,1,145,8,1098
5ede674,brcities5507,uniforme,range,1,146,8,1106
5ede674,brcities5507,uniforme,range,1,147,8,1114
5ede674,brcities5507,uniforme,range,1,148,8,1122
5ede674,brcities5507,uniforme,range,1,149,8,1130
5ede674,brcities5507,uniforme,range,1,150,8,1138
5ede674,brcities5507,uniforme,range,1,151,8,1146
5ede674,brcities5507,uniforme,range,1,152,0,1146
5ede674,brcities5507,uniforme,range,1,153,8,1154
5ede674,brcities5507,uniforme,range,1,154,8,1162
5ede674,brcities5507,uniforme,range,1,155,8,1170
5ede674,brcities5507,uniforme,range,1,156,8,1178
5ede674,brcities5507,uniforme,range,1,157,8,1186
5ede674,brcities5507,uniforme,range,1,158,8,1194
5ede674,brcities5507,uniforme,range,1,159,8,1202
5ede674,brcities5507,uniforme,range,1,160,8,1210
5ede674,brcities5507,uniforme,range,1,161,8,1218
5ede674,brcities5507,uniforme,range,1,162,8,1226
5ede674,brcities5507,uniforme,range,1,163,8,1234
5ede674,brcities5507,uniforme,range,1,164,0,1234
5ede674,brcities5507,uniforme,range,1,165,8,1242
5ede674,brcities5507,uniforme,range,1,166,8,1250
5ede674,brcities5507,uniforme,range,1,167,8,1258
5ede674,brcities5507,uniforme,range,1,168,8,1266
5ede674,brcities5507,uniforme,range,1,169,8,1274
5ede674,brcities5507,uniforme,range,1,170,8,1282
5ede674,brcities5507,uniforme,range,1,171,8,1290
5ede674,brcities5507,uniforme,range,1,172,8,1298
5ede674,brcities5507,uniforme,range,1,173,6,1304
5ede674,brcities5507,uniforme,range,1,174,8,1312
5ede674,brcities5507,uniforme,range,1,175,8,1320
5ede674,brcities5507,uniforme,range,1,176,8,1328
5ede674,brcities5507,uniforme,range,1,177,8,1336
5ede674,brcities5507,uniforme,range,1,178,0,1336
5ede674,brcities5507,uniforme,range,1,179,8,1344
5ede674,brcities5507,uniforme,range,1,180,8,1352
5ede674,brcities5507,uniforme,range,1,181,8,1360
5ede674,brcities5507,uniforme,range,1,182,8,1368
5ede674,brcities5507,uniforme,range,1,183,8,1376
5ede674,brcities5507,uniforme,range,1,184,8,1384
5ede674,brcities5507,uniforme,range,1,185,8,1392
5ede674,brcities5507,uniforme,range,1,186,8,1400
5ede674,brcities5507,uniforme,range,1,187,8,1408
5ede674,brcities5507,uniforme,range,1,188,8,1416
5ede674,brcities5507,uniforme,range,1,189,7,1423
5ede674,brcities5507,uniforme,range,1,190,8,1431
5ede674,brcities5507,uniforme,range,1,191,8,1439
5ede674,brcities5507,uniforme,range,1,192,8,1447
5ede674,brcities5507,uniforme,range,1,193,8,1455
5ede674,brcities5507,uniforme,range,1,194,8,1463
5ede674,brcities5507,uniforme,range,1,195,8,1471
5ede674,brcities5507,uniforme,range,1,196,0,1471
5ede674,brcities5507,uniforme,range,1,197,8,1479
5ede674,brcities5507,uniforme,range,1,198,8,1487
5ede674,brcities5507,uniforme,range,1,199,8,1495
5ede674,brcities5507,concentrado,knn,1,0,8,8
5ede674,brcities5507,concentrado,knn,1,1,8,16
5ede674,brcities5507,concentrado,knn,1,2,8,24
5ede674,brcities5507,concentrado,knn,1,3,8,32
5ede674,brcities5507,concentrado,knn,1,4,8,40
5ede674,brcities5507,concentrado,knn,1,5,8,48
5ede674,brcities5507,concentrado,knn,1,6,8,56
5ede674,brcities5507,concentrado,knn,1,7,8,64
5ede674,brcities5507,concentrado,knn,1,8,3,67
5ede674,brcities5507,concentrado,knn,1,9,2,69
5ede674,brcities5507,concentrado,knn,1,10,6,75
5ede674,brcities5507,concentrado,knn,1,11,8,83
5ede674,brcities5507,concentrado,knn,1,12,7,90
5ede674,brcities5507,concentrado,knn,1,13,0,90
5ede674,brcities5507,concentrado,knn,1,14,7,97
5ede674,brcities5507,concentrado,knn,1,15,7,104
5ede674,brcities5507,concentrado,knn,1,16,0,104
5ede674,brcities5507,concentrado,knn,1,17,8,112
5ede674,brcities5507,concentrado,knn,1,18,8,120
5ede674,brcities5507,concentrado,knn,1,19,8,128
5ede674,brcities5507,concentrado,knn,1,20,8,136
5ede674,brcities5507,concentrado,knn,1,21,8,144
5ede674,brcities5507,concentrado,knn,1,22,8,152
5ede674,brcities5507,concentrado,knn,1,23,8,160
5ede674,brcities5507,concentrado,knn,1,24,8,168
5ede674,brcities5507,concentrado,knn,1,25,8,176
5ede674,brcities5507,concentrado,knn,1,26,2,178
5ede674,brcities5507,concentrado,knn,1,27,8,186
5ede674,brcities5507,concentrado,knn,1,28,8,194
5ede674,brcities5507,concentrado,knn,1,29,8,202
5ede674,brcities5507,concentrado,knn,1,30,8,210
5ede674,brcities5507,concentrado,knn,1,31,8,218
5ede674,brcities5507,concentrado,knn,1,32,8,226
5ede674,brcities5507,concentrado,knn,1,33,8,234
5ede674,brcities5507,concentrado,knn,1,34,8,242
5ede674,brcities5507,concentrado,knn,1,35,8,250
5ede674,brcities5507,concentrado,knn,1,36,3,253
5ede674,brcities5507,concentrado,knn,1,37,8,261
5ede674,brcities5507,concentrado,knn,1,38,8,269
5ede674,brcities5507,concentrado,knn,1,39,7,276
5ede674,brcities5507,concentrado,knn,1,40,8,284
5ede674,brcities5507,concentrado,knn,1,41,8,292
5ede674,brcities5507,concentrado,knn,1,42,0,292
5ede674,brcities5507,concentrado,knn,1,43,0,292
5ede674,brcities5507,concentrado,knn,1,44,8,300
5ede674,brcities5507,concentrado,knn,1,45,8,308
5ede674,brcities5507,concentrado,knn,1,46,8,316
5ede674,brcities5507,concentrado,knn,1,47,8,324
5ede674,brcities5507,concentrado,knn,1,48,8,332
5ede674,brcities5507,concentrado,knn,1,49,8,340
5ede674,brcities5507,concentrado,knn,1,50,8,348
5ede674,brcities5507,concentrado,knn,1,51,0,348
5ede674,brcities5507,concentrado,knn,1,52,8,356
5ede674,brcities5507,concentrado,knn,1,53,8,364
5ede674,brcities5507,concentrado,knn,1,54,0,364
5ede674,brcities5507,concentrado,knn,1,55,0,364
5ede674,brcities5507,concentrado,knn,1,56,8,372
5ede674,brcities5507,concentrado,knn,1,57,8,380
5ede674,brcities5507,concentrado,knn,1,58,8,388
5ede674,brcities5507,concentrado,knn,1,59,8,396
5ede674,brcities5507,concentrado,knn,1,60,8,404
5ede674,brcities5507,concentrado,knn,1,61,8,412
5ede674,brcities5507,concentrado,knn,1,62,8,420
5ede674,brcities5507,concentrado,knn,1,63,8,428
5ede674,brcities5507,concentrado,knn,1,64,8,436
5ede674,brcities5507,concentrado,knn,1,65,8,444
5ede674,brcities5507,concentrado,knn,1,66,4,448
5ede674,brcities5507,concentrado,knn,1,67,8,456
5ede674,brcities5507,concentrado,knn,1,68,4,460
5ede674,brcities5507,concentrado,knn,1,69,8,468
5ede674,brcities5507,concentrado,knn,1,70,8,476
5ede674,brcities5507,concentrado,knn,1,71,8,484
5ede674,brcities5507,concentrado,knn,1,72,8,492
5ede674,brcities5507,concentrado,knn,1,73,8,500
5ede674,brcities5507,concentrado,knn,1,74,8,508
5ede674,brcities5507,concentrado,knn,1,75,4,512
5ede674,brcities5507,concentrado,knn,1,76,8,520
5ede674,brcities5507,concentrado,knn,1,77,8,528
5ede674,brcities5507,concentrado,knn,1,78,8,536
5ede674,brcities5507,concentrado,knn,1,79,1,537
5ede674,brcities5507,concentrado,knn,1,80,8,545
5ede674,brcities5507,concentrado,knn,1,81,8,553
5ede674,brcities5507,concentrado,knn,1,82,1,554
5ede674,brcities5507,concentrado,knn,1,83,8,562
5ede674,brcities5507,concentrado,knn,1,84,8,570
5ede674,brcities5507,concentrado,knn,1,85,8,578
5ede674,brcities5507,concentrado,knn,1,86,1,579
5ede674,brcities5507,concentrado,knn,1,87,0,579
5ede674,brcities5507,concentrado,knn,1,88,8,587
5ede674,brcities5507,concentrado,knn,1,89,8,595
5ede674,brcities5507,concentrado,knn,1,90,8,603
5ede674,brcities5507,concentrado,knn,1,91,8,611
5ede674,brcities5507,concentrado,knn,1,92,8,619
5ede674,brcities5507,concentrado,knn,1,93,8,627
5ede674,brcities5507,concentrado,knn,1,94,8,635
5ede674,brcities5507,concentrado,knn,1,95,8,643
5ede674,brcities5507,concentrado,knn,1,96,8,651
5ede674,brcities5507,concentrado,knn,1,97,8,659
5ede674,brcities5507,concentrado,knn,1,98,8,667
5ede674,brcities5507,concentrado,knn,1,99,8,675
5ede674,brcities5507,concentrado,knn,1,100,8,683
5ede674,brcities5507,concentrado,knn,1,101,8,691
5ede674,brcities5507,concentrado,knn,1,102,0,691
5ede674,brcities5507,concentrado,knn,1,103,3,694
5ede674,brcities5507,concentrado,knn,1,104,0,694
5ede674,brcities5507,concentrado,knn,1,105,0,694
5ede674,brcities5507,concentrado,knn,1,106,0,694
5ede674,brcities5507,concentrado,knn,1,107,7,701
5ede674,brcities5507,concentrado,knn,1,108,0,701
5ede674,brcities5507,concentrado,knn,1,109,5,706
5ede674,brcities5507,concentrado,knn,1,110,8,714
5ede674,brcities5507,concentrado,knn,1,111,8,722
5ede674,brcities5507,concentrado,knn,1,112,7,729
5ede674,brcities5507,concentrado,knn,1,113,0,729
5ede674,brcities5507,concentrado,knn,1,114,8,737
5ede674,brcities5507,concentrado,knn,1,115,6,743
5ede674,brcities5507,concentrado,knn,1,116,0,743
5ede674,brcities5507,concentrado,knn,1,117,8,751
5ede674,brcities5507,concentrado,knn,1,118,0,751
5ede674,brcities5507,concentrado,knn,1,119,0,751
5ede674,brcities5507,concentrado,knn,1,120,8,759
5ede674,brcities5507,concentrado,knn,1,121,0,759
5ede674,brcities5507,concentrado,knn,1,122,8,767
5ede674,brcities5507,concentrado,knn,1,123,0,767
5ede674,brcities5507,concentrado,knn,1,124,3,770
5ede674,brcities5507,concentrado,knn,1,125,7,777
5ede674,brcities5507,concentrado,knn,1,126,3,780
5ede674,brcities5507,concentrado,knn,1,127,0,780
5ede674,brcities5507,concentrado,knn,1,128,0,780
5ede674,brcities5507,concentrado,knn,1,129,8,788
5ede674,brcities5507,concentrado,knn,1,130,1,789
5ede674,brcities5507,concentrado,knn,1,131,7,796
5ede674,brcities5507,concentrado,knn,1,132,0,796
5ede674,brcities5507,concentrado,knn,1,133,6,802
5ede674,brcities5507,concentrado,knn,1,134,0,802
5ede674,brcities5507,concentrado,knn,1,135,0,802
5ede674,brcities5507,concentrado,knn,1,136,8,810
5ede674,brcities5507,concentrado,knn,1,137,8,818
5ede674,brcities5507,concentrado,knn,1,138,8,826
5ede674,brcities5507,concentrado,knn,1,139,1,827
5ede674,brcities5507,concentrado,knn,1,140,7,834
5ede674,brcities5507,concentrado,knn,1,141,7,841
5ede674,brcities5507,concentrado,knn,1,142,7,848
5ede674,brcities5507,concentrado,knn,1,143,1,849
5ede674,brcities5507,concentrado,knn,1,144,8,857
5ede674,brcities5507,concentrado,knn,1,145,2,859
5ede674,brcities5507,concentrado,knn,1,146,7,866
5ede674,brcities5507,concentrado,knn,1,147,0,866
5ede674,brcities5507,concentrado,knn,1,148,0,866
5ede674,brcities5507,concentrado,knn,1,149,3,869
5ede674,brcities5507,concentrado,knn,1,150,8,877
5ede674,brcities5507,concentrado,knn,1,151,8,885
5ede674,brcities5507,concentrado,knn,1,152,7,892
5ede674,brcities5507,concentrado,knn,1,153,8,900
5ede674,brcities5507,concentrado,knn,1,154,1,901
5ede674,brcities5507,concentrado,knn,1,155,0,901
5ede674,brcities5507,concentrado,knn,1,156,8,909
5ede674,brcities5507,concentrado,knn,1,157,8,917
5ede674,brcities5507,concentrado,knn,1,158,4,921
5ede674,brcities5507,concentrado,knn,1,159,8,929
5ede674,brcities5507,concentrado,knn,1,160,8,937
5ede674,brcities5507,concentrado,knn,1,161,7,944
5ede674,brcities5507,concentrado,knn,1,162,8,952
5ede674,brcities5507,concentrado,knn,1,163,5,957
5ede674,brcities5507,concentrado,knn,1,164,0,957
5ede674,brcities5507,concentrado,knn,1,165,1,958
5ede674,brcities5507,concentrado,knn,1,166,0,958
5ede674,brcities5507,concentrado,knn,1,167,2,960
5ede674,brcities5507,concentrado,knn,1,168,2,962
5ede674,brcities5507,concentrado,knn,1,169,3,965
5ede674,brcities5507,concentrado,knn,1,170,8,973
5ede674,brcities5507,concentrado,knn,1,171,5,978
5ede674,brcities5507,concentrado,knn,1,172,2,980
5ede674,brcities5507,concentrado,knn,1,173,3,983
5ede674,brcities5507,concentrado,knn,1,174,5,988
5ede674,brcities5507,concentrado,knn,1,175,6,994
5ede674,brcities5507,concentrado,knn,1,176,6,1000
5ede674,brcities5507,concentrado,knn,1,177,3,1003
5ede674,brcities5507,concentrado,knn,1,178,3,1006
5ede674,brcities5507,concentrado,knn,1,179,0,1006
5ede674,brcities5507,concentrado,knn,1,180,3,1009
5ede674,brcities5507,concentrado,knn,1,181,3,1012
5ede674,brcities5507,concentrado,knn,1,182,8,1020
5ede674,brcities5507,concentrado,knn,1,183,3,1023
5ede674,brcities5507,concentrado,knn,1,184,3,1026
5ede674,brcities5507,concentrado,knn,1,185,0,1026
5ede674,brcities5507,concentrado,knn,1,186,6,1032
5ede674,brcities5507,concentrado,knn,1,187,8,1040
5ede674,brcities5507,concentrado,knn,1,188,4,1044
5ede674,brcities5507,concentrado,knn,1,189,6,1050
5ede674,brcities5507,concentrado,knn,1,190,5,1055
5ede674,brcities5507,concentrado,knn,1,191,6,1061
5ede674,brcities5507,concentrado,knn,1,192,5,1066
5ede674,brcities5507,concentrado,knn,1,193,0,1066
5ede674,brcities5507,concentrado,knn,1,194,2,1068
5ede674,brcities5507,concentrado,knn,1,195,5,1073
5ede674,brcities5507,concentrado,knn,1,196,0,1073
5ede674,brcities5507,concentrado,knn,1,197,6,1079
5ede674,brcities5507,concentrado,knn,1,198,2,1081
5ede674,brcities5507,concentrado,knn,1,199,2,1083
5ede674,brcities5507,concentrado,range,1,0,8,8
5ede674,brcities5507,concentrado,range,1,1,8,16
5ede674,brcities5507,concentrado,range,1,2,8,24
5ede674,brcities5507,concentrado,range,1,3,8,32
5ede674,brcities5507,concentrado,range,1,4,8,40
5ede674,brcities5507,concentrado,range,1,5,8,48
5ede674,brcities5507,concentrado,range,1,6,8,56
5ede674,brcities5507,concentrado,range,1,7,8,64
5ede674,brcities5507,concentrado,range,1,8,3,67
5ede674,brcities5507,concentrado,range,1,9,2,69
5ede674,brcities5507,concentrado,range,1,10,3,72
5ede674,brcities5507,concentrado,range,1,11,3,75
5ede674,brcities5507,concentrado,range,1,12,0,75
5ede674,brcities5507,concentrado,range,1,13,0,75
5ede674,brcities5507,concentrado,range,1,14,0,75
5ede674,brcities5507,concentrado,range,1,15,0,75
5ede674,brcities5507,concentrado,range,1,16,0,75
5ede674,brcities5507,concentrado,range,1,17,8,83
5ede674,brcities5507,concentrado,range,1,18,8,91
5ede674,brcities5507,concentrado,range,1,19,8,99
5ede674,brcities5507,concentrado,range,1,20,8,107
5ede674,brcities5507,concentrado,range,1,21,8,115
5ede674,brcities5507,concentrado,range,1,22,8,123
5ede674,brcities5507,concentrado,range,1,23,8,131
5ede674,brcities5507,concentrado,range,1,24,8,139
5ede674,brcities5507,concentrado,range,1,25,8,147
5ede674,brcities5507,concentrado,range,1,26,2,149
5ede674,brcities5507,concentrado,range,1,27,8,157
5ede674,brcities5507,concentrado,range,1,28,8,165
5ede674,brcities5507,concentrado,range,1,29,8,173
5ede674,brcities5507,concentrado,range,1,30,8,181
5ede674,brcities5507,concentrado,range,1,31,8,189
5ede674,brcities5507,concentrado,range,1,32,8,197
5ede674,brcities5507,concentrado,range,1,33,8,205
5ede674,brcities5507,concentrado,range,1,34,8,213
5ede674,brcities5507,concentrado,range,1,35,8,221
5ede674,brcities5507,concentrado,range,1,36,7,228
5ede674,brcities5507,concentrado,range,1,37,8,236
5ede674,brcities5507,concentrado,range,1,38,8,244
5ede674,brcities5507,concentrado,range,1,39,7,251
5ede674,brcities5507,concentrado,range,1,40,8,259
5ede674,brcities5507,concentrado,range,1,41,8,267
5ede674,brcities5507,concentrado,range,1,42,0,267
5ede674,brcities5507,concentrado,range,1,43,0,267
5ede674,brcities5507,concentrado,range,1,44,8,275
5ede674,brcities5507,concentrado,range,1,45,7,282
5ede674,brcities5507,concentrado,range,1,46,8,290
5ede674,brcities5507,concentrado,range,1,47,8,298
5ede674,brcities5507,concentrado,range,1,48,8,306
5ede674,brcities5507,concentrado,range,1,49,8,314
5ede674,brcities5507,concentrado,range,1,50,8,322
5ede674,brcities5507,concentrado,range,1,51,0,322
5ede674,brcities5507,concentrado,range,1,52,8,330
5ede674,brcities5507,concentrado,range,1,53,8,338
5ede674,brcities5507,concentrado,range,1,54,0,338
5ede674,brcities5507,concentrado,range,1,55,0,338
5ede674,brcities5507,concentrado,range,1,56,8,346
5ede674,brcities5507,concentrado,range,1,57,8,354
5ede674,brcities5507,concentrado,range,1,58,8,362
5ede674,brcities5507,concentrado,range,1,59,8,370
5ede674,brcities5507,concentrado,range,1,60,8,378
5ede674,brcities5507,concentrado,range,1,61,8,386
5ede674,brcities5507,concentrado,range,1,62,8,394
5ede674,brcities5507,concentrado,range,1,63,8,402
5ede674,brcities5507,concentrado,range,1,64,8,410
5ede674,brcities5507,concentrado,range,1,65,8,418
5ede674,brcities5507,concentrado,range,1,66,4,422
5ede674,brcities5507,concentrado,range,1,67,8,430
5ede674,brcities5507,concentrado,range,1,68,0,430
5ede674,brcities5507,concentrado,range,1,69,8,438
5ede674,brcities5507,concentrado,range,1,70,8,446
5ede674,brcities5507,concentrado,range,1,71,8,454
5ede674,brcities5507,concentrado,range,1,72,8,462
5ede674,brcities5507,concentrado,range,1,73,8,470
5ede674,brcities5507,concentrado,range,1,74,8,478
5ede674,brcities5507,concentrado,range,1,75,8,486
5ede674,brcities5507,concentrado,range,1,76,8,494
5ede674,brcities5507,concentrado,range,1,77,8,502
5ede674,brcities5507,concentrado,range,1,78,8,510
5ede674,brcities5507,concentrado,range,1,79,5,515
5ede674,brcities5507,concentrado,range,1,80,8,523
5ede674,brcities5507,concentrado,range,1,81,8,531
5ede674,brcities5507,concentrado,range,1,82,3,534
5ede674,brcities5507,concentrado,range,1,83,8,542
5ede674,brcities5507,concentrado,range,1,84,8,550
5ede674,brcities5507,concentrado,range,1,85,8,558
5ede674,brcities5507,concentrado,range,1,86,0,558
5ede674,brcities5507,concentrado,range,1,87,0,558
5ede674,brcities5507,concentrado,range,1,88,8,566
5ede674,brcities5507,concentrado,range,1,89,8,574
5ede674,brcities5507,concentrado,range,1,90,8,582
5ede674,brcities5507,concentrado,range,1,91,7,589
5ede674,brcities5507,concentrado,range,1,92,8,597
5ede674,brcities5507,concentrado,range,1,93,8,605
5ede674,brcities5507,concentrado,range,1,94,8,613
5ede674,brcities5507,concentrado,range,1,95,8,621
5ede674,brcities5507,concentrado,range,1,96,8,629
5ede674,brcities5507,concentrado,range,1,97,8,637
5ede674,brcities5507,concentrado,range,1,98,8,645
5ede674,brcities5507,concentrado,range,1,99,8,653
5ede674,brcities5507,concentrado,range,1,100,0,653
5ede674,brcities5507,concentrado,range,1,101,1,654
5ede674,brcities5507,concentrado,range,1,102,0,654
5ede674,brcities5507,concentrado,range,1,103,1,655
5ede674,brcities5507,concentrado,range,1,104,0,655
5ede674,brcities5507,concentrado,range,1,105,0,655
5ede674,brcities5507,concentrado,range,1,106,0,655
5ede674,brcities5507,concentrado,range,1,107,6,661
5ede674,brcities5507,concentrado,range,1,108,0,661
5ede674,brcities5507,concentrado,range,1,109,5,666
5ede674,brcities5507,concentrado,range,1,110,6,672
5ede674,brcities5507,concentrado,range,1,111,8,680
5ede674,brcities5507,concentrado,range,1,112,8,688
5ede674,brcities5507,concentrado,range,1,113,8,696
5ede674,brcities5507,concentrado,range,1,114,8,704
5ede674,brcities5507,concentrado,range,1,115,6,710
5ede674,brcities5507,concentrado,range,1,116,0,710
5ede674,brcities5507,concentrado,range,1,117,8,718
5ede674,brcities5507,concentrado,range,1,118,8,726
5ede674,brcities5507,concentrado,range,1,119,1,727
5ede674,brcities5507,concentrado,range,1,120,8,735
5ede674,brcities5507,concentrado,range,1,121,0,735
5ede674,brcities5507,concentrado,range,1,122,0,735
5ede674,brcities5507,concentrado,range,1,123,8,743
5ede674,brcities5507,concentrado,range,1,124,4,747
5ede674,brcities5507,concentrado,range,1,125,8,755
5ede674,brcities5507,concentrado,range,1,126,6,761
5ede674,brcities5507,concentrado,range,1,127,8,769
5ede674,brcities5507,concentrado,range,1,128,0,769
5ede674,brcities5507,concentrado,range,1,129,8,777
5ede674,brcities5507,concentrado,range,1,130,1,778
5ede674,brcities5507,concentrado,range,1,131,7,785
5ede674,brcities5507,concentrado,range,1,132,2,787
5ede674,brcities5507,concentrado,range,1,133,8,795
5ede674,brcities5507,concentrado,range,1,134,3,798
5ede674,brcities5507,concentrado,range,1,135,1,799
5ede674,brcities5507,concentrado,range,1,136,8,807
5ede674,brcities5507,concentrado,range,1,137,7,814
5ede674,brcities5507,concentrado,range,1,138,8,822
5ede674,brcities5507,concentrado,range,1,139,2,824
5ede674,brcities5507,concentrado,range,1,140,8,832
5ede674,brcities5507,concentrado,range,1,141,7,839
5ede674,brcities5507,concentrado,range,1,142,8,847
5ede674,brcities5507,concentrado,range,1,143,0,847
5ede674,brcities5507,concentrado,range,1,144,8,855
5ede674,brcities5507,concentrado,range,1,145,4,859
5ede674,brcities5507,concentrado,range,1,146,7,866
5ede674,brcities5507,concentrado,range,1,147,0,866
5ede674,brcities5507,concentrado,range,1,148,0,866
5ede674,brcities5507,concentrado,range,1,149,5,871
5ede674,brcities5507,concentrado,range,1,150,8,879
5ede674,brcities5507,concentrado,range,1,151,8,887
5ede674,brcities5507,concentrado,range,1,152,0,887
5ede674,brcities5507,concentrado,range,1,153,7,894
5ede674,brcities5507,concentrado,range,1,154,0,894
5ede674,brcities5507,concentrado,range,1,155,0,894
5ede674,brcities5507,concentrado,range,1,156,8,902
5ede674,brcities5507,concentrado,range,1,157,8,910
5ede674,brcities5507,concentrado,range,1,158,4,914
5ede674,brcities5507,concentrado,range,1,159,0,914
5ede674,brcities5507,concentrado,range,1,160,7,921
5ede674,brcities5507,concentrado,range,1,161,0,921
5ede674,brcities5507,concentrado,range,1,162,7,928
5ede674,brcities5507,concentrado,range,1,163,8,936
5ede674,brcities5507,concentrado,range,1,164,3,939
5ede674,brcities5507,concentrado,range,1,165,1,940
5ede674,brcities5507,concentrado,range,1,166,0,940
5ede674,brcities5507,concentrado,range,1,167,5,945
5ede674,brcities5507,concentrado,range,1,168,5,950
5ede674,brcities5507,concentrado,range,1,169,0,950
5ede674,brcities5507,concentrado,range,1,170,8,958
5ede674,brcities5507,concentrado,range,1,171,4,962
5ede674,brcities5507,concentrado,range,1,172,5,967
5ede674,brcities5507,concentrado,range,1,173,8,975
5ede674,brcities5507,concentrado,range,1,174,3,978
5ede674,brcities5507,concentrado,range,1,175,6,984
5ede674,brcities5507,concentrado,range,1,176,6,990
5ede674,brcities5507,concentrado,range,1,177,3,993
5ede674,brcities5507,concentrado,range,1,178,3,996
5ede674,brcities5507,concentrado,range,1,179,0,996
5ede674,brcities5507,concentrado,range,1,180,3,999
5ede674,brcities5507,concentrado,range,1,181,3,1002
5ede674,brcities5507,concentrado,range,1,182,4,1006
5ede674,brcities5507,concentrado,range,1,183,0,1006
5ede674,brcities5507,concentrado,range,1,184,3,1009
5ede674,brcities5507,concentrado,range,1,185,0,1009
5ede674,brcities5507,concentrado,range,1,186,3,1012
5ede674,brcities5507,concentrado,range,1,187,8,1020
5ede674,brcities5507,concentrado,range,1,188,4,1024
5ede674,brcities5507,concentrado,range,1,189,8,1032
5ede674,brcities5507,concentrado,range,1,190,2,1034
5ede674,brcities5507,concentrado,range,1,191,7,1041
5ede674,brcities5507,concentrado,range,1,192,8,1049
5ede674,brcities5507,concentrado,range,1,193,0,1049
5ede674,brcities5507,concentrado,range,1,194,1,1050
5ede674,brcities5507,concentrado,range,1,195,8,1058
5ede674,brcities5507,concentrado,range,1,196,1,1059
5ede674,brcities5507,concentrado,range,1,197,8,1067
5ede674,brcities5507,concentrado,range,1,198,3,1070
5ede674,brcities5507,concentrado,range,1,199,3,1073
5ede674,brcities5507,uniforme,knn,2,0,8,8
5ede674,brcities5507,uniforme,knn,2,1,8,16
5ede674,brcities5507,uniforme,knn,2,2,8,24
5ede674,brcities5507,uniforme,knn,2,3,8,32
5ede674,brcities5507,uniforme,knn,2,4,8,40
5ede674,brcities5507,uniforme,knn,2,5,8,48
5ede674,brcities5507,uniforme,knn,2,6,8,56
5ede674,brcities5507,uniforme,knn,2,7,8,64
5ede674,brcities5507,uniforme,knn,2,8,8,72
5ede674,brcities5507,uniforme,knn,2,9,8,80
5ede674,brcities5507,uniforme,knn,2,10,8,88
5ede674,brcities5507,uniforme,knn,2,11,8,96
5ede674,brcities5507,uniforme,knn,2,12,8,104
5ede674,brcities5507,uniforme,knn,2,13,8,112
5ede674,brcities5507,uniforme,knn,2,14,8,120
5ede674,brcities5507,uniforme,knn,2,15,8,128
5ede674,brcities5507,uniforme,knn,2,16,8,136
5ede674,brcities5507,uniforme,knn,2,17,8,144
5ede674,brcities5507,uniforme,knn,2,18,8,152
5ede674,brcities5507,uniforme,knn,2,19,8,160
5ede674,brcities5507,uniforme,knn,2,20,8,168
5ede674,brcities5507,uniforme,knn,2,21,7,175
5ede674,brcities5507,uniforme,knn,2,22,8,183
5ede674,brcities5507,uniforme,knn,2,23,8,191
5ede674,brcities5507,uniforme,knn,2,24,8,199
5ede674,brcities5507,uniforme,knn,2,25,8,207
5ede674,brcities5507,uniforme,knn,2,26,8,215
5ede674,brcities5507,uniforme,knn,2,27,8,223
5ede674,brcities5507,uniforme,knn,2,28,8,231
5ede674,brcities5507,uniforme,knn,2,29,8,239
5ede674,brcities5507,uniforme,knn,2,30,8,247
5ede674,brcities5507,uniforme,knn,2,31,8,255
5ede674,brcities5507,uniforme,knn,2,32,8,263
5ede674,brcities5507,uniforme,knn,2,33,8,271
5ede674,brcities5507,uniforme,knn,2,34,8,279
5ede674,brcities5507,uniforme,knn,2,35,8,287
5ede674,brcities5507,uniforme,knn,2,36,8,295
5ede674,brcities5507,uniforme,knn,2,37,8,303
5ede674,brcities5507,uniforme,knn,2,38,8,311
5ede674,brcities5507,uniforme,knn,2,39,8,319
5ede674,brcities5507,uniforme,knn,2,40,1,320
5ede674,brcities5507,uniforme,knn,2,41,0,320
5ede674,brcities5507,uniforme,knn,2,42,8,328
5ede674,brcities5507,uniforme,knn,2,43,8,336
5ede674,brcities5507,uniforme,knn,2,44,8,344
5ede674,brcities5507,uniforme,knn,2,45,8,352
5ede674,brcities5507,uniforme,knn,2,46,8,360
5ede674,brcities5507,uniforme,knn,2,47,8,368
5ede674,brcities5507,uniforme,knn,2,48,8,376
5ede674,brcities5507,uniforme,knn,2,49,8,384
5ede674,brcities5507,uniforme,knn,2,50,8,392
5ede674,brcities5507,uniforme,knn,2,51,8,400
5ede674,brcities5507,uniforme,knn,2,52,8,408
5ede674,brcities5507,uniforme,knn,2,53,8,416
5ede674,brcities5507,uniforme,knn,2,54,8,424
5ede674,brcities5507,uniforme,knn,2,55,8,432
5ede674,brcities5507,uniforme,knn,2,56,2,434
5ede674,brcities5507,uniforme,knn,2,57,8,442
5ede674,brcities5507,uniforme,knn,2,58,8,450
5ede674,brcities5507,uniforme,knn,2,59,8,458
5ede674,brcities5507,uniforme,knn,2,60,8,466
5ede674,brcities5507,uniforme,knn,2,61,8,474
5ede674,brcities5507,uniforme,knn,2,62,8,482
5ede674,brcities5507,uniforme,knn,2,63,8,490
5ede674,brcities5507,uniforme,knn,2,64,8,498
5ede674,brcities5507,uniforme,knn,2,65,8,506
5ede674,brcities5507,uniforme,knn,2,66,8,514
5ede674,brcities5507,uniforme,knn,2,67,8,522
5ede674,brcities5507,uniforme,knn,2,68,8,530
5ede674,brcities5507,uniforme,knn,2,69,8,538
5ede674,brcities5507,uniforme,knn,2,70,8,546
5ede674,brcities5507,uniforme,knn,2,71,8,554
5ede674,brcities5507,uniforme,knn,2,72,8,562
5ede674,brcities5507,uniforme,knn,2,73,8,570
5ede674,brcities5507,uniforme,knn,2,74,8,578
5ede674,brcities5507,uniforme,knn,2,75,8,586
5ede674,brcities5507,uniforme,knn,2,76,8,594
5ede674,brcities5507,uniforme,knn,2,77,8,602
5ede674,brcities5507,uniforme,knn,2,78,8,610
5ede674,brcities5507,uniforme,knn,2,79,8,618
5ede674,brcities5507,uniforme,knn,2,80,8,626
5ede674,brcities5507,uniforme,knn,2,81,8,634
5ede674,brcities5507,uniforme,knn,2,82,8,642
5ede674,brcities5507,uniforme,knn,2,83,8,650
5ede674,brcities5507,uniforme,knn,2,84,8,658
5ede674,brcities5507,uniforme,knn,2,85,8,666
5ede674,brcities5507,uniforme,knn,2,86,8,674
5ede674,brcities5507,uniforme,knn,2,87,8,682
5ede674,brcities5507,uniforme,knn,2,88,8,690
5ede674,brcities5507,uniforme,knn,2,89,8,698
5ede674,brcities5507,uniforme,knn,2,90,8,706
5ede674,brcities5507,uniforme,knn,2,91,8,714
5ede674,brcities5507,uniforme,knn,2,92,8,722
5ede674,brcities5507,uniforme,knn,2,93,8,730
5ede674,brcities5507,uniforme,knn,2,94,8,738
5ede674,brcities5507,uniforme,knn,2,95,8,746
5ede674,brcities5507,uniforme,knn,2,96,8,754
5ede674,brcities5507,uniforme,knn,2,97,8,762
5ede674,brcities5507,uniforme,knn,2,98,8,770
5ede674,brcities5507,uniforme,knn,2,99,8,778
5ede674,brcities5507,uniforme,knn,2,100,8,786
5ede674,brcities5507,uniforme,knn,2,101,8,794
5ede674,brcities5507,uniforme,knn,2,102,8,802
5ede674,brcities5507,uniforme,knn,2,103,8,810
5ede674,brcities5507,uniforme,knn,2,104,8,818
5ede674,brcities5507,uniforme,knn,2,105,8,826
5ede674,brcities5507,uniforme,knn,2,106,8,834
5ede674,brcities5507,uniforme,knn,2,107,0,834
5ede674,brcities5507,uniforme,knn,2,108,8,842
5ede674,brcities5507,uniforme,knn,2,109,8,850
5ede674,brcities5507,uniforme,knn,2,110,8,858
5ede674,brcities5507,uniforme,knn,2,111,8,866
5ede674,brcities5507,uniforme,knn,2,112,8,874
5ede674,brcities5507,uniforme,knn,2,113,8,882
5ede674,brcities5507,uniforme,knn,2,114,8,890
5ede674,brcities5507,uniforme,knn,2,115,8,898
5ede674,brcities5507,uniforme,knn,2,116,8,906
5ede674,brcities5507,uniforme,knn,2,117,8,914
5ede674,brcities5507,uniforme,knn,2,118,8,922
5ede674,brcities5507,uniforme,knn,2,119,8,930
5ede674,brcities5507,uniforme,knn,2,120,8,938
5ede674,brcities5507,uniforme,knn,2,121,8,946
5ede674,brcities5507,uniforme,knn,2,122,8,954
5ede674,brcities5507,uniforme,knn,2,123,8,962
5ede674,brcities5507,uniforme,knn,2,124,6,968
5ede674,brcities5507,uniforme,knn,2,125,8,976
5ede674,brcities5507,uniforme,knn,2,126,8,984
5ede674,brcities5507,uniforme,knn,2,127,0,984
5ede674,brcities5507,uniforme,knn,2,128,8,992
5ede674,brcities5507,uniforme,knn,2,129,8,1000
5ede674,brcities5507,uniforme,knn,2,130,8,1008
5ede674,brcities5507,uniforme,knn,2,131,8,1016
5ede674,brcities5507,uniforme,knn,2,132,8,1024
5ede674,brcities5507,uniforme,knn,2,133,8,1032
5ede674,brcities5507,uniforme,knn,2,134,0,1032
5ede674,brcities5507,uniforme,knn,2,135,8,1040
5ede674,brcities5507,uniforme,knn,2,136,8,1048
5ede674,brcities5507,uniforme,knn,2,137,8,1056
5ede674,brcities5507,uniforme,knn,2,138,8,1064
5ede674,brcities5507,uniforme,knn,2,139,8,1072
5ede674,brcities5507,uniforme,knn,2,140,8,1080
5ede674,brcities5507,uniforme,knn,2,141,8,1088
5ede674,brcities5507,uniforme,knn,2,142,8,1096
5ede674,brcities5507,uniforme,knn,2,143,8,1104
5ede674,brcities5507,uniforme,knn,2,144,8,1112
5ede674,brcities5507,uniforme,knn,2,145,8,1120
5ede674,brcities5507,uniforme,knn,2,146,8,1128
5ede674,brcities5507,uniforme,knn,2,147,8,1136
5ede674,brcities5507,uniforme,knn,2,148,8,1144
5ede674,brcities5507,uniforme,knn,2,149,8,1152
5ede674,brcities5507,uniforme,knn,2,150,8,1160
5ede674,brcities5507,uniforme,knn,2,151,8,1168
5ede674,brcities5507,uniforme,knn,2,152,8,1176
5ede674,brcities5507,uniforme,knn,2,153,8,1184
5ede674,brcities5507,uniforme,knn,2,154,8,1192
5ede674,brcities5507,uniforme,knn,2,155,8,1200
5ede674,brcities5507,uniforme,knn,2,156,8,1208
5ede674,brcities5507,uniforme,knn,2,157,8,1216
5ede674,brcities5507,uniforme,knn,2,158,8,1224
5ede674,brcities5507,uniforme,knn,2,159,8,1232
5ede674,brcities5507,uniforme,knn,2,160,8,1240
5ede674,brcities5507,uniforme,knn,2,161,8,1248
5ede674,brcities5507,uniforme,knn,2,162,8,1256
5ede674,brcities5507,uniforme,knn,2,163,8,1264
5ede674,brcities5507,uniforme,knn,2,164,0,1264
5ede674,brcities5507,uniforme,knn,2,165,8,1272
5ede674,brcities5507,uniforme,knn,2,166,8,1280
5ede674,brcities5507,uniforme,knn,2,167,8,1288
5ede674,brcities5507,uniforme,knn,2,168,8,1296
5ede674,brcities5507,uniforme,knn,2,169,8,1304
5ede674,brcities5507,uniforme,knn,2,170,8,1312
5ede674,brcities5507,uniforme,knn,2,171,8,1320
5ede674,brcities5507,uniforme,knn,2,172,8,1328
5ede674,brcities5507,uniforme,knn,2,173,0,1328
5ede674,brcities5507,uniforme,knn,2,174,8,1336
5ede674,brcities5507,uniforme,knn,2,175,8,1344
5ede674,brcities5507,uniforme,knn,2,176,8,1352
5ede674,brcities5507,uniforme,knn,2,177,8,1360
5ede674,brcities5507,uniforme,knn,2,178,0,1360
5ede674,brcities5507,uniforme,knn,2,179,8,1368
5ede674,brcities5507,uniforme,knn,2,180,8,1376
5ede674,brcities5507,uniforme,knn,2,181,8,1384
5ede674,brcities5507,uniforme,knn,2,182,8,1392
5ede674,brcities5507,uniforme,knn,2,183,8,1400
5ede674,brcities5507,uniforme,knn,2,184,8,1408
5ede674,brcities5507,uniforme,knn,2,185,8,1416
5ede674,brcities5507,uniforme,knn,2,186,8,1424
5ede674,brcities5507,uniforme,knn,2,187,6,1430
5ede674,brcities5507,uniforme,knn,2,188,8,1438
5ede674,brcities5507,uniforme,knn,2,189,2,1440
5ede674,brcities5507,uniforme,knn,2,190,2,1442
5ede674,brcities5507,uniforme,knn,2,191,8,1450
5ede674,brcities5507,uniforme,knn,2,192,8,1458
5ede674,brcities5507,uniforme,knn,2,193,7,1465
5ede674,brcities5507,uniforme,knn,2,194,8,1473
5ede674,brcities5507,uniforme,knn,2,195,8,1481
5ede674,brcities5507,uniforme,knn,2,196,0,1481
5ede674,brcities5507,uniforme,knn,2,197,8,1489
5ede674,brcities5507,uniforme,knn,2,198,8,1497
5ede674,brcities5507,uniforme,knn,2,199,8,1505
5ede674,brcities5507,uniforme,range,2,0,8,8
5ede674,brcities5507,uniforme,range,2,1,8,16
5ede674,brcities5507,uniforme,range,2,2,8,24
5ede674,brcities5507,uniforme,range,2,3,8,32
5ede674,brcities5507,uniforme,range,2,4,8,40
5ede674,brcities5507,uniforme,range,2,5,8,48
5ede674,brcities5507,uniforme,range,2,6,8,56
5ede674,brcities5507,uniforme,range,2,7,1,57
5ede674,brcities5507,uniforme,range,2,8,8,65
5ede674,brcities5507,uniforme,range,2,9,8,73
5ede674,brcities5507,uniforme,range,2,10,8,81
5ede674,brcities5507,uniforme,range,2,11,8,89
5ede674,brcities5507,uniforme,range,2,12,8,97
5ede674,brcities5507,uniforme,range,2,13,8,105
5ede674,brcities5507,uniforme,range,2,14,8,113
5ede674,brcities5507,uniforme,range,2,15,8,121
5ede674,brcities5507,uniforme,range,2,16,8,129
5ede674,brcities5507,uniforme,range,2,17,8,137
5ede674,brcities5507,uniforme,range,2,18,8,145
5ede674,brcities5507,uniforme,range,2,19,8,153
5ede674,brcities5507,uniforme,range,2,20,8,161
5ede674,brcities5507,uniforme,range,2,21,0,161
5ede674,brcities5507,uniforme,range,2,22,8,169
5ede674,brcities5507,uniforme,range,2,23,8,177
5ede674,brcities5507,uniforme,range,2,24,8,185
5ede674,brcities5507,uniforme,range,2,25,8,193
5ede674,brcities5507,uniforme,range,2,26,8,201
5ede674,brcities5507,uniforme,range,2,27,8,209
5ede674,brcities5507,uniforme,range,2,28,8,217
5ede674,brcities5507,uniforme,range,2,29,8,225
5ede674,brcities5507,uniforme,range,2,30,8,233
5ede674,brcities5507,uniforme,range,2,31,8,241
5ede674,brcities5507,uniforme,range,2,32,8,249
5ede674,brcities5507,uniforme,range,2,33,8,257
5ede674,brcities5507,uniforme,range,2,34,8,265
5ede674,brcities5507,uniforme,range,2,35,8,273
5ede674,brcities5507,uniforme,range,2,36,8,281
5ede674,brcities5507,uniforme,range,2,37,8,289
5ede674,brcities5507,uniforme,range,2,38,8,297
5ede674,brcities5507,uniforme,range,2,39,8,305
5ede674,brcities5507,uniforme,range,2,40,0,305
5ede674,brcities5507,uniforme,range,2,41,0,305
5ede674,brcities5507,uniforme,range,2,42,8,313
5ede674,brcities5507,uniforme,range,2,43,8,321
5ede674,brcities5507,uniforme,range,2,44,7,328
5ede674,brcities5507,uniforme,range,2,45,8,336
5ede674,brcities5507,uniforme,range,2,46,8,344
5ede674,brcities5507,uniforme,range,2,47,8,352
5ede674,brcities5507,uniforme,range,2,48,8,360
5ede674,brcities5507,uniforme,range,2,49,8,368
5ede674,brcities5507,uniforme,range,2,50,8,376
5ede674,brcities5507,uniforme,range,2,51,8,384
5ede674,brcities5507,uniforme,range,2,52,8,392
5ede674,brcities5507,uniforme,range,2,53,8,400
5ede674,brcities5507,uniforme,range,2,54,8,408
5ede674,brcities5507,uniforme,range,2,55,8,416
5ede674,brcities5507,uniforme,range,2,56,8,424
5ede674,brcities5507,uniforme,range,2,57,8,432
5ede674,brcities5507,uniforme,range,2,58,8,440
5ede674,brcities5507,uniforme,range,2,59,0,440
5ede674,brcities5507,uniforme,range,2,60,8,448
5ede674,brcities5507,uniforme,range,2,61,8,456
5ede674,brcities5507,uniforme,range,2,62,8,464
5ede674,brcities5507,uniforme,range,2,63,8,472
5ede674,brcities5507,uniforme,range,2,64,8,480
5ede674,brcities5507,uniforme,range,2,65,8,488
5ede674,brcities5507,uniforme,range,2,66,8,496
5ede674,brcities5507,uniforme,range,2,67,8,504
5ede674,brcities5507,uniforme,range,2,68,8,512
5ede674,brcities5507,uniforme,range,2,69,8,520
5ede674,brcities5507,uniforme,range,2,70,8,528
5ede674,brcities5507,uniforme,range,2,71,8,536
5ede674,brcities5507,uniforme,range,2,72,8,544
5ede674,brcities5507,uniforme,range,2,73,8,552
5ede674,brcities5507,uniforme,range,2,74,8,560
5ede674,brcities5507,uniforme,range,2,75,8,568
5ede674,brcities5507,uniforme,range,2,76,8,576
5ede674,brcities5507,uniforme,range,2,77,8,584
5ede674,brcities5507,uniforme,range,2,78,8,592
5ede674,brcities5507,uniforme,range,2,79,8,600
5ede674,brcities5507,uniforme,range,2,80,8,608
5ede674,brcities5507,uniforme,range,2,81,8,616
5ede674,brcities5507,uniforme,range,2,82,8,624
5ede674,brcities5507,uniforme,range,2,83,8,632
5ede674,brcities5507,uniforme,range,2,84,8,640
5ede674,brcities5507,uniforme,range,2,85,8,648
5ede674,brcities5507,uniforme,range,2,86,8,656
5ede674,brcities5507,uniforme,range,2,87,8,664
5ede674,brcities5507,uniforme,range,2,88,8,672
5ede674,brcities5507,uniforme,range,2,89,8,680
5ede674,brcities5507,uniforme,range,2,90,8,688
5ede674,brcities5507,uniforme,range,2,91,8,696
5ede674,brcities5507,uniforme,range,2,92,8,704
5ede674,brcities5507,uniforme,range,2,93,8,712
5ede674,brcities5507,uniforme,range,2,94,8,720
5ede674,brcities5507,uniforme,range,2,95,8,728
5ede674,brcities5507,uniforme,range,2,96,8,736
5ede674,brcities5507,uniforme,range,2,97,8,744
5ede674,brcities5507,uniforme,range,2,98,8,752
5ede674,brcities5507,uniforme,range,2,99,8,760
5ede674,brcities5507,uniforme,range,2,100,8,768
5ede674,brcities5507,uniforme,range,2,101,8,776
5ede674,brcities5507,uniforme,range,2,102,8,784
5ede674,brcities5507,uniforme,range,2,103,8,792
5ede674,brcities5507,uniforme,range,2,104,8,800
5ede674,brcities5507,uniforme,range,2,105,8,808
5ede674,brcities5507,uniforme,range,2,106,8,816
5ede674,brcities5507,uniforme,range,2,107,1,817
5ede674,brcities5507,uniforme,range,2,108,8,825
5ede674,brcities5507,uniforme,range,2,109,8,833
5ede674,brcities5507,uniforme,range,2,110,8,841
5ede674,brcities5507,uniforme,range,2,111,7,848
5ede674,brcities5507,uniforme,range,2,112,8,856
5ede674,brcities5507,uniforme,range,2,113,8,864
5ede674,brcities5507,uniforme,range,2,114,8,872
5ede674,brcities5507,uniforme,range,2,115,8,880
5ede674,brcities5507,uniforme,range,2,116,8,888
5ede674,brcities5507,uniforme,range,2,117,8,896
5ede674,brcities5507,uniforme,range,2,118,8,904
5ede674,brcities5507,uniforme,range,2,119,8,912
5ede674,brcities5507,uniforme,range,2,120,8,920
5ede674,brcities5507,uniforme,range,2,121,8,928
5ede674,brcities5507,uniforme,range,2,122,4,932
5ede674,brcities5507,uniforme,range,2,123,8,940
5ede674,brcities5507,uniforme,range,2,124,8,948
5ede674,brcities5507,uniforme,range,2,125,8,956
5ede674,brcities5507,uniforme,range,2,126,8,964
5ede674,brcities5507,uniforme,range,2,127,0,964
5ede674,brcities5507,uniforme,range,2,128,8,972
5ede674,brcities5507,uniforme,range,2,129,8,980
5ede674,brcities5507,uniforme,range,2,130,8,988
5ede674,brcities5507,uniforme,range,2,131,8,996
5ede674,brcities5507,uniforme,range,2,132,8,1004
5ede674,brcities5507,uniforme,range,2,133,8,1012
5ede674,brcities5507,uniforme,range,2,134,0,1012
5ede674,brcities5507,uniforme,range,2,135,8,1020
5ede674,brcities5507,uniforme,range,2,136,8,1028
5ede674,brcities5507,uniforme,range,2,137,8,1036
5ede674,brcities5507,uniforme,range,2,138,8,1044
5ede674,brcities5507,uniforme,range,2,139,8,1052
5ede674,brcities5507,uniforme,range,2,140,8,1060
5ede674,brcities5507,uniforme,range,2,141,6,1066
5ede674,brcities5507,uniforme,range,2,142,8,1074
5ede674,brcities5507,uniforme,range,2,143,8,1082
5ede674,brcities5507,uniforme,range,2,144,8,1090
5ede674,brcities5507,uniforme,range,2,145,8,1098
5ede674,brcities5507,uniforme,range,2,146,8,1106
5ede674,brcities5507,uniforme,range,2,147,8,1114
5ede674,brcities5507,uniforme,range,2,148,8,1122
5ede674,brcities5507,uniforme,range,2,149,8,1130
5ede674,brcities5507,uniforme,range,2,150,8,1138
5ede674,brcities5507,uniforme,range,2,151,8,1146
5ede674,brcities5507,uniforme,range,2,152,0,1146
5ede674,brcities5507,uniforme,range,2,153,8,1154
5ede674,brcities5507,uniforme,range,2,154,8,1162
5ede674,brcities5507,uniforme,range,2,155,8,1170
5ede674,brcities5507,uniforme,range,2,156,8,1178
5ede674,brcities5507,uniforme,range,2,157,8,1186
5ede674,brcities5507,uniforme,range,2,158,8,1194
5ede674,brcities5507,uniforme,range,2,159,8,1202
5ede674,brcities5507,uniforme,range,2,160,8,1210
5ede674,brcities5507,uniforme,range,2,161,8,1218
5ede674,brcities5507,uniforme,range,2,162,8,1226
5ede674,brcities5507,uniforme,range,2,163,8,1234
5ede674,brcities5507,uniforme,range,2,164,0,1234
5ede674,brcities5507,uniforme,range,2,165,8,1242
5ede674,brcities5507,uniforme,range,2,166,8,1250
5ede674,brcities5507,uniforme,range,2,167,8,1258
5ede674,brcities5507,uniforme,range,2,168,8,1266
5ede674,brcities5507,uniforme,range,2,169,8,1274
5ede674,brcities5507,uniforme,range,2,170,8,1282
5ede674,brcities5507,uniforme,range,2,171,8,1290
5ede674,brcities5507,uniforme,range,2,172,8,1298
5ede674,brcities5507,uniforme,range,2,173,6,1304
5ede674,brcities5507,uniforme,range,2,174,8,1312
5ede674,brcities5507,uniforme,range,2,175,8,1320
5ede674,brcities5507,uniforme,range,2,176,8,1328
5ede674,brcities5507,uniforme,range,2,177,8,1336
5ede674,brcities5507,uniforme,range,2,178,0,1336
5ede674,brcities5507,uniforme,range,2,179,8,1344
5ede674,brcities5507,uniforme,range,2,180,8,1352
5ede674,brcities5507,uniforme,range,2,181,8,1360
5ede674,brcities5507,uniforme,range,2,182,8,1368
5ede674,brcities5507,uniforme,range,2,183,8,1376
5ede674,brcities5507,uniforme,range,2,184,8,1384
5ede674,brcities5507,uniforme,range,2,185,8,1392
5ede674,brcities5507,uniforme,range,2,186,8,1400
5ede674,brcities5507,uniforme,range,2,187,8,1408
5ede674,brcities5507,uniforme,range,2,188,8,1416
5ede674,brcities5507,uniforme,range,2,189,7,1423
5ede674,brcities5507,uniforme,range,2,190,8,1431
5ede674,brcities5507,uniforme,range,2,191,8,1439
5ede674,brcities5507,uniforme,range,2,192,8,1447
5ede674,brcities5507,uniforme,range,2,193,8,1455
5ede674,brcities5507,uniforme,range,2,194,8,1463
5ede674,brcities5507,uniforme,range,2,195,8,1471
5ede674,brcities5507,uniforme,range,2,196,0,1471
5ede674,brcities5507,uniforme,range,2,197,8,1479
5ede674,brcities5507,uniforme,range,2,198,8,1487
5ede674,brcities5507,uniforme,range,2,199,8,1495
5ede674,brcities5507,concentrado,knn,2,0,8,8
5ede674,brcities5507,concentrado,knn,2,1,8,16
5ede674,brcities5507,concentrado,knn,2,2,8,24
5ede674,brcities5507,concentrado,knn,2,3,8,32
5ede674,brcities5507,concentrado,knn,2,4,8,40
5ede674,brcities5507,concentrado,knn,2,5,8,48
5ede674,brcities5507,concentrado,knn,2,6,8,56
5ede674,brcities5507,concentrado,knn,2,7,8,64
5ede674,brcities5507,concentrado,knn,2,8,3,67
5ede674,brcities5507,concentrado,knn,2,9,2,69
5ede674,brcities5507,concentrado,knn,2,10,6,75
5ede674,brcities5507,concentrado,knn,2,11,8,83
5ede674,brcities5507,concentrado,knn,2,12,7,90
5ede674,brcities5507,concentrado,knn,2,13,0,90
5ede674,brcities5507,concentrado,knn,2,14,7,97
5ede674,brcities5507,concentrado,knn,2,15,7,104
5ede674,brcities5507,concentrado,knn,2,16,0,104
5ede674,brcities5507,concentrado,knn,2,17,8,112
5ede674,brcities5507,concentrado,knn,2,18,8,120
5ede674,brcities5507,concentrado,knn,2,19,8,128
5ede674,brcities5507,concentrado,knn,2,20,8,136
5ede674,brcities5507,concentrado,knn,2,21,8,144
5ede674,brcities5507,concentrado,knn,2,22,8,152
5ede674,brcities5507,concentrado,knn,2,23,8,160
5ede674,brcities5507,concentrado,knn,2,24,8,168
5ede674,brcities5507,concentrado,knn,2,25,8,176
5ede674,brcities5507,concentrado,knn,2,26,2,178
5ede674,brcities5507,concentrado,knn,2,27,8,186
5ede674,brcities5507,concentrado,knn,2,28,8,194
5ede674,brcities5507,concentrado,knn,2,29,8,202
5ede674,brcities5507,concentrado,knn,2,30,8,210
5ede674,brcities5507,concentrado,knn,2,31,8,218
5ede674,brcities5507,concentrado,knn,2,32,8,226
5ede674,brcities5507,concentrado,knn,2,33,8,234
5ede674,brcities5507,concentrado,knn,2,34,8,242
5ede674,brcities5507,concentrado,knn,2,35,8,250
5ede674,brcities5507,concentrado,knn,2,36,3,253
5ede674,brcities5507,concentrado,knn,2,37,8,261
5ede674,brcities5507,concentrado,knn,2,38,8,269
5ede674,brcities5507,concentrado,knn,2,39,7,276
5ede674,brcities5507,concentrado,knn,2,40,8,284
5ede674,brcities5507,concentrado,knn,2,41,8,292
5ede674,brcities5507,concentrado,knn,2,42,0,292
5ede674,brcities5507,concentrado,knn,2,43,0,292
5ede674,brcities5507,concentrado,knn,2,44,8,300
5ede674,brcities5507,concentrado,knn,2,45,8,308
5ede674,brcities5507,concentrado,knn,2,46,8,316
5ede674,brcities5507,concentrado,knn,2,47,8,324
5ede674,brcities5507,concentrado,knn,2,48,8,332
5ede674,brcities5507,concentrado,knn,2,49,8,340
5ede674,brcities5507,concentrado,knn,2,50,8,348
5ede674,brcities5507,concentrado,knn,2,51,0,348
5ede674,brcities5507,concentrado,knn,2,52,8,356
5ede674,brcities5507,concentrado,knn,2,53,8,364
5ede674,brcities5507,concentrado,knn,2,54,0,364
5ede674,brcities5507,concentrado,knn,2,55,0,364
5ede674,brcities5507,concentrado,knn,2,56,8,372
5ede674,brcities5507,concentrado,knn,2,57,8,380
5ede674,brcities5507,concentrado,knn,2,58,8,388
5ede674,brcities5507,concentrado,knn,2,59,8,396
5ede674,brcities5507,concentrado,knn,2,60,8,404
5ede674,brcities5507,concentrado,knn,2,61,8,412
5ede674,brcities5507,concentrado,knn,2,62,8,420
5ede674,brcities5507,concentrado,knn,2,63,8,428
5ede674,brcities5507,concentrado,knn,2,64,8,436
5ede674,brcities5507,concentrado,knn,2,65,8,444
5ede674,brcities5507,concentrado,knn,2,66,4,448
5ede674,brcities5507,concentrado,knn,2,67,8,456
5ede674,brcities5507,concentrado,knn,2,68,4,460
5ede674,brcities5507,concentrado,knn,2,69,8,468
5ede674,brcities5507,concentrado,knn,2,70,8,476
5ede674,brcities5507,concentrado,knn,2,71,8,484
5ede674,brcities5507,concentrado,knn,2,72,8,492
5ede674,brcities5507,concentrado,knn,2,73,8,500
5ede674,brcities5507,concentrado,knn,2,74,8,508
5ede674,brcities5507,concentrado,knn,2,75,4,512
5ede674,brcities5507,concentrado,knn,2,76,8,520
5ede674,brcities5507,concentrado,knn,2,77,8,528
5ede674,brcities5507,concentrado,knn,2,78,8,536
5ede674,brcities5507,concentrado,knn,2,79,1,537
5ede674,brcities5507,concentrado,knn,2,80,8,545
5ede674,brcities5507,concentrado,knn,2,81,8,553
5ede674,brcities5507,concentrado,knn,2,82,1,554
5ede674,brcities5507,concentrado,knn,2,83,8,562
5ede674,brcities5507,concentrado,knn,2,84,8,570
5ede674,brcities5507,concentrado,knn,2,85,8,578
5ede674,brcities5507,concentrado,knn,2,86,1,579
5ede674,brcities5507,concentrado,knn,2,87,0,579
5ede674,brcities5507,concentrado,knn,2,88,8,587
5ede674,brcities5507,concentrado,knn,2,89,8,595
5ede674,brcities5507,concentrado,knn,2,90,8,603
5ede674,brcities5507,concentrado,knn,2,91,8,611
5ede674,brcities5507,concentrado,knn,2,92,8,619
5ede674,brcities5507,concentrado,knn,2,93,8,627
5ede674,brcities5507,concentrado,knn,2,94,8,635
5ede674,brcities5507,concentrado,knn,2,95,8,643
5ede674,brcities5507,concentrado,knn,2,96,8,651
5ede674,brcities5507,concentrado,knn,2,97,8,659
5ede674,brcities5507,concentrado,knn,2,98,8,667
5ede674,brcities5507,concentrado,knn,2,99,8,675
5ede674,brcities5507,concentrado,knn,2,100,8,683
5ede674,brcities5507,concentrado,knn,2,101,8,691
5ede674,brcities5507,concentrado,knn,2,102,0,691
5ede674,brcities5507,concentrado,knn,2,103,3,694
5ede674,brcities5507,concentrado,knn,2,104,0,694
5ede674,brcities5507,concentrado,knn,2,105,0,694
5ede674,brcities5507,concentrado,knn,2,106,0,694
5ede674,brcities5507,concentrado,knn,2,107,7,701
5ede674,brcities5507,concentrado,knn,2,108,0,701
5ede674,brcities5507,concentrado,knn,2,109,5,706
5ede674,brcities5507,concentrado,knn,2,110,8,714
5ede674,brcities5507,concentrado,knn,2,111,8,722
5ede674,brcities5507,concentrado,knn,2,112,7,729
5ede674,brcities5507,concentrado,knn,2,113,0,729
5ede674,brcities5507,concentrado,knn,2,114,8,737
5ede674,brcities5507,concentrado,knn,2,115,6,743
5ede674,brcities5507,concentrado,knn,2,116,0,743
5ede674,brcities5507,concentrado,knn,2,117,8,751
5ede674,brcities5507,concentrado,knn,2,118,0,751
5ede674,brcities5507,concentrado,knn,2,119,0,751
5ede674,brcities5507,concentrado,knn,2,120,8,759
5ede674,brcities5507,concentrado,knn,2,121,0,759
5ede674,brcities5507,concentrado,knn,2,122,8,767
5ede674,brcities5507,concentrado,knn,2,123,0,767
5ede674,brcities5507,concentrado,knn,2,124,3,770
5ede674,brcities5507,concentrado,knn,2,125,7,777
5ede674,brcities5507,concentrado,knn,2,126,3,780
5ede674,brcities5507,concentrado,knn,2,127,0,780
5ede674,brcities5507,concentrado,knn,2,128,0,780
5ede674,brcities5507,concentrado,knn,2,129,8,788
5ede674,brcities5507,concentrado,knn,2,130,1,789
5ede674,brcities5507,concentrado,knn,2,131,7,796
5ede674,brcities5507,concentrado,knn,2,132,0,796
5ede674,brcities5507,concentrado,knn,2,133,6,802
5ede674,brcities5507,concentrado,knn,2,134,0,802
5ede674,brcities5507,concentrado,knn,2,135,0,802
5ede674,brcities5507,concentrado,knn,2,136,8,810
5ede674,brcities5507,concentrado,knn,2,137,8,818
5ede674,brcities5507,concentrado,knn,2,138,8,826
5ede674,brcities5507,concentrado,knn,2,139,1,827
5ede674,brcities5507,concentrado,knn,2,140,7,834
5ede674,brcities5507,concentrado,knn,2,141,7,841
5ede674,brcities5507,concentrado,knn,2,142,7,848
5ede674,brcities5507,concentrado,knn,2,143,1,849
5ede674,brcities5507,concentrado,knn,2,144,8,857
5ede674,brcities5507,concentrado,knn,2,145,2,859
5ede674,brcities5507,concentrado,knn,2,146,7,866
5ede674,brcities5507,concentrado,knn,2,147,0,866
5ede674,brcities5507,concentrado,knn,2,148,0,866
5ede674,brcities5507,concentrado,knn,2,149,3,869
5ede674,brcities5507,concentrado,knn,2,150,8,877
5ede674,brcities5507,concentrado,knn,2,151,8,885
5ede674,brcities5507,concentrado,knn,2,152,7,892
5ede674,brcities5507,concentrado,knn,2,153,8,900
5ede674,brcities5507,concentrado,knn,2,154,1,901
5ede674,brcities5507,concentrado,knn,2,155,0,901
5ede674,brcities5507,concentrado,knn,2,156,8,909
5ede674,brcities5507,concentrado,knn,2,157,8,917
5ede674,brcities5507,concentrado,knn,2,158,4,921
5ede674,brcities5507,concentrado,knn,2,159,8,929
5ede674,brcities5507,concentrado,knn,2,160,8,937
5ede674,brcities5507,concentrado,knn,2,161,7,944
5ede674,brcities5507,concentrado,knn,2,162,8,952
5ede674,brcities5507,concentrado,knn,2,163,5,957
5ede674,brcities5507,concentrado,knn,2,164,0,957
5ede674,brcities5507,concentrado,knn,2,165,1,958
5ede674,brcities5507,concentrado,knn,2,166,0,958
5ede674,brcities5507,concentrado,knn,2,167,2,960
5ede674,brcities5507,concentrado,knn,2,168,2,962
5ede674,brcities5507,concentrado,knn,2,169,3,965
5ede674,brcities5507,concentrado,knn,2,170,8,973
5ede674,brcities5507,concentrado,knn,2,171,5,978
5ede674,brcities5507,concentrado,knn,2,172,2,980
5ede674,brcities5507,concentrado,knn,2,173,3,983
5ede674,brcities5507,concentrado,knn,2,174,5,988
5ede674,brcities5507,concentrado,knn,2,175,6,994
5ede674,brcities5507,concentrado,knn,2,176,6,1000
5ede674,brcities5507,concentrado,knn,2,177,3,1003
5ede674,brcities5507,concentrado,knn,2,178,3,1006
5ede674,brcities5507,concentrado,knn,2,179,0,1006
5ede674,brcities5507,concentrado,knn,2,180,3,1009
5ede674,brcities5507,concentrado,knn,2,181,3,1012
5ede674,brcities5507,concentrado,knn,2,182,8,1020
5ede674,brcities5507,concentrado,knn,2,183,3,1023
5ede674,brcities5507,concentrado,knn,2,184,3,1026
5ede674,brcities5507,concentrado,knn,2,185,0,1026
5ede674,brcities5507,concentrado,knn,2,186,6,1032
5ede674,brcities5507,concentrado,knn,2,187,8,1040
5ede674,brcities5507,concentrado,knn,2,188,4,1044
5ede674,brcities5507,concentrado,knn,2,189,6,1050
5ede674,brcities5507,concentrado,knn,2,190,5,1055
5ede674,brcities5507,concentrado,knn,2,191,6,1061
5ede674,brcities5507,concentrado,knn,2,192,5,1066
5ede674,brcities5507,concentrado,knn,2,193,0,1066
5ede674,brcities5507,concentrado,knn,2,194,2,1068
5ede674,brcities5507,concentrado,knn,2,195,5,1073
5ede674,brcities5507,concentrado,knn,2,196,0,1073
5ede674,brcities5507,concentrado,knn,2,197,6,1079
5ede674,brcities5507,concentrado,knn,2,198,2,1081
5ede674,brcities5507,concentrado,knn,2,199,2,1083
5ede674,brcities5507,concentrado,range,2,0,8,8
5ede674,brcities5507,concentrado,range,2,1,8,16
5ede674,brcities5507,concentrado,range,2,2,8,24
5ede674,brcities5507,concentrado,range,2,3,8,32
5ede674,brcities5507,concentrado,range,2,4,8,40
5ede674,brcities5507,concentrado,range,2,5,8,48
5ede674,brcities5507,concentrado,range,2,6,8,56
5ede674,brcities5507,concentrado,range,2,7,8,64
5ede674,brcities5507,concentrado,range,2,8,3,67
5ede674,brcities5507,concentrado,range,2,9,2,69
5ede674,brcities5507,concentrado,range,2,10,3,72
5ede674,brcities5507,concentrado,range,2,11,3,75
5ede674,brcities5507,concentrado,range,2,12,0,75
5ede674,brcities5507,concentrado,range,2,13,0,75
5ede674,brcities5507,concentrado,range,2,14,0,75
5ede674,brcities5507,concentrado,range,2,15,0,75
5ede674,brcities5507,concentrado,range,2,16,0,75
5ede674,brcities5507,concentrado,range,2,17,8,83
5ede674,brcities5507,concentrado,range,2,18,8,91
5ede674,brcities5507,concentrado,range,2,19,8,99
5ede674,brcities5507,concentrado,range,2,20,8,107
5ede674,brcities5507,concentrado,range,2,21,8,115
5ede674,brcities5507,concentrado,range,2,22,8,123
5ede674,brcities5507,concentrado,range,2,23,8,131
5ede674,brcities5507,concentrado,range,2,24,8,139
5ede674,brcities5507,concentrado,range,2,25,8,147
5ede674,brcities5507,concentrado,range,2,26,2,149
5ede674,brcities5507,concentrado,range,2,27,8,157
5ede674,brcities5507,concentrado,range,2,28,8,165
5ede674,brcities5507,concentrado,range,2,29,8,173
5ede674,brcities5507,concentrado,range,2,30,8,181
5ede674,brcities5507,concentrado,range,2,31,8,189
5ede674,brcities5507,concentrado,range,2,32,8,197
5ede674,brcities5507,concentrado,range,2,33,8,205
5ede674,brcities5507,concentrado,range,2,34,8,213
5ede674,brcities5507,concentrado,range,2,35,8,221
5ede674,brcities5507,concentrado,range,2,36,7,228
5ede674,brcities5507,concentrado,range,2,37,8,236
5ede674,brcities5507,concentrado,range,2,38,8,244
5ede674,brcities5507,concentrado,range,2,39,7,251
5ede674,brcities5507,concentrado,range,2,40,8,259
5ede674,brcities5507,concentrado,range,2,41,8,267
5ede674,brcities5507,concentrado,range,2,42,0,267
5ede674,brcities5507,concentrado,range,2,43,0,267
5ede674,brcities5507,concentrado,range,2,44,8,275
5ede674,brcities5507,concentrado,range,2,45,7,282
5ede674,brcities5507,concentrado,range,2,46,8,290
5ede674,brcities5507,concentrado,range,2,47,8,298
5ede674,brcities5507,concentrado,range,2,48,8,306
5ede674,brcities5507,concentrado,range,2,49,8,314
5ede674,brcities5507,concentrado,range,2,50,8,322
5ede674,brcities5507,concentrado,range,2,51,0,322
5ede674,brcities5507,concentrado,range,2,52,8,330
5ede674,brcities5507,concentrado,range,2,53,8,338
5ede674,brcities5507,concentrado,range,2,54,0,338
5ede674,brcities5507,concentrado,range,2,55,0,338
5ede674,brcities5507,concentrado,range,2,56,8,346
5ede674,brcities5507,concentrado,range,2,57,8,354
5ede674,brcities5507,concentrado,range,2,58,8,362
5ede674,brcities5507,concentrado,range,2,59,8,370
5ede674,brcities5507,concentrado,range,2,60,8,378
5ede674,brcities5507,concentrado,range,2,61,8,386
5ede674,brcities5507,concentrado,range,2,62,8,394
5ede674,brcities5507,concentrado,range,2,63,8,402
5ede674,brcities5507,concentrado,range,2,64,8,410
5ede674,brcities5507,concentrado,range,2,65,8,418
5ede674,brcities5507,concentrado,range,2,66,4,422
5ede674,brcities5507,concentrado,range,2,67,8,430
5ede674,brcities5507,concentrado,range,2,68,0,430
5ede674,brcities5507,concentrado,range,2,69,8,438
5ede674,brcities5507,concentrado,range,2,70,8,446
5ede674,brcities5507,concentrado,range,2,71,8,454
5ede674,brcities5507,concentrado,range,2,72,8,462
5ede674,brcities5507,concentrado,range,2,73,8,470
5ede674,brcities5507,concentrado,range,2,74,8,478
5ede674,brcities5507,concentrado,range,2,75,8,486
5ede674,brcities5507,concentrado,range,2,76,8,494
5ede674,brcities5507,concentrado,range,2,77,8,502
5ede674,brcities5507,concentrado,range,2,78,8,510
5ede674,brcities5507,concentrado,range,2,79,5,515
5ede674,brcities5507,concentrado,range,2,80,8,523
5ede674,brcities5507,concentrado,range,2,81,8,531
5ede674,brcities5507,concentrado,range,2,82,3,534
5ede674,brcities5507,concentrado,range,2,83,8,542
5ede674,brcities5507,concentrado,range,2,84,8,550
5ede674,brcities5507,concentrado,range,2,85,8,558
5ede674,brcities5507,concentrado,range,2,86,0,558
5ede674,brcities5507,concentrado,range,2,87,0,558
5ede674,brcities5507,concentrado,range,2,88,8,566
5ede674,brcities5507,concentrado,range,2,89,8,574
5ede674,brcities5507,concentrado,range,2,90,8,582
5ede674,brcities5507,concentrado,range,2,91,7,589
5ede674,brcities5507,concentrado,range,2,92,8,597
5ede674,brcities5507,concentrado,range,2,93,8,605
5ede674,brcities5507,concentrado,range,2,94,8,613
5ede674,brcities5507,concentrado,range,2,95,8,621
5ede674,brcities5507,concentrado,range,2,96,8,629
5ede674,brcities5507,concentrado,range,2,97,8,637
5ede674,brcities5507,concentrado,range,2,98,8,645
5ede674,brcities5507,concentrado,range,2,99,8,653
5ede674,brcities5507,concentrado,range,2,100,0,653
5ede674,brcities5507,concentrado,range,2,101,1,654
5ede674,brcities5507,concentrado,range,2,102,0,654
5ede674,brcities5507,concentrado,range,2,103,1,655
5ede674,brcities5507,concentrado,range,2,104,0,655
5ede674,brcities5507,concentrado,range,2,105,0,655
5ede674,brcities5507,concentrado,range,2,106,0,655
5ede674,brcities5507,concentrado,range,2,107,6,661
5ede674,brcities5507,concentrado,range,2,108,0,661
5ede674,brcities5507,concentrado,range,2,109,5,666
5ede674,brcities5507,concentrado,range,2,110,6,672
5ede674,brcities5507,concentrado,range,2,111,8,680
5ede674,brcities5507,concentrado,range,2,112,8,688
5ede674,brcities5507,concentrado,range,2,113,8,696
5ede674,brcities5507,concentrado,range,2,114,8,704
5ede674,brcities5507,concentrado,range,2,115,6,710
5ede674,brcities5507,concentrado,range,2,116,0,710
5ede674,brcities5507,concentrado,range,2,117,8,718
5ede674,brcities5507,concentrado,range,2,118,8,726
5ede674,brcities5507,concentrado,range,2,119,1,727
5ede674,brcities5507,concentrado,range,2,120,8,735
5ede674,brcities5507,concentrado,range,2,121,0,735
5ede674,brcities5507,concentrado,range,2,122,0,735
5ede674,brcities5507,concentrado,range,2,123,8,743
5ede674,brcities5507,concentrado,range,2,124,4,747
5ede674,brcities5507,concentrado,range,2,125,8,755
5ede674,brcities5507,concentrado,range,2,126,6,761
5ede674,brcities5507,concentrado,range,2,127,8,769
5ede674,brcities5507,concentrado,range,2,128,0,769
5ede674,brcities5507,concentrado,range,2,129,8,777
5ede674,brcities5507,concentrado,range,2,130,1,778
5ede674,brcities5507,concentrado,range,2,131,7,785
5ede674,brcities5507,concentrado,range,2,132,2,787
5ede674,brcities5507,concentrado,range,2,133,8,795
5ede674,brcities5507,concentrado,range,2,134,3,798
5ede674,brcities5507,concentrado,range,2,135,1,799
5ede674,brcities5507,concentrado,range,2,136,8,807
5ede674,brcities5507,concentrado,range,2,137,7,814
5ede674,brcities5507,concentrado,range,2,138,8,822
5ede674,brcities5507,concentrado,range,2,139,2,824
5ede674,brcities5507,concentrado,range,2,140,8,832
5ede674,brcities5507,concentrado,range,2,141,7,839
5ede674,brcities5507,concentrado,range,2,142,8,847
5ede674,brcities5507,concentrado,range,2,143,0,847
5ede674,brcities5507,concentrado,range,2,144,8,855
5ede674,brcities5507,concentrado,range,2,145,4,859
5ede674,brcities5507,concentrado,range,2,146,7,866
5ede674,brcities5507,concentrado,range,2,147,0,866
5ede674,brcities5507,concentrado,range,2,148,0,866
5ede674,brcities5507,concentrado,range,2,149,5,871
5ede674,brcities5507,concentrado,range,2,150,8,879
5ede674,brcities5507,concentrado,range,2,151,8,887
5ede674,brcities5507,concentrado,range,2,152,0,887
5ede674,brcities5507,concentrado,range,2,153,7,894
5ede674,brcities5507,concentrado,range,2,154,0,894
5ede674,brcities5507,concentrado,range,2,155,0,894
5ede674,brcities5507,concentrado,range,2,156,8,902
5ede674,brcities5507,concentrado,range,2,157,8,910
5ede674,brcities5507,concentrado,range,2,158,4,914
5ede674,brcities5507,concentrado,range,2,159,0,914
5ede674,brcities5507,concentrado,range,2,160,7,921
5ede674,brcities5507,concentrado,range,2,161,0,921
5ede674,brcities5507,concentrado,range,2,162,7,928
5ede674,brcities5507,concentrado,range,2,163,8,936
5ede674,brcities5507,concentrado,range,2,164,3,939
5ede674,brcities5507,concentrado,range,2,165,1,940
5ede674,brcities5507,concentrado,range,2,166,0,940
5ede674,brcities5507,concentrado,range,2,167,5,945
5ede674,brcities5507,concentrado,range,2,168,5,950
5ede674,brcities5507,concentrado,range,2,169,0,950
5ede674,brcities5507,concentrado,range,2,170,8,958
5ede674,brcities5507,concentrado,range,2,171,4,962
5ede674,brcities5507,concentrado,range,2,172,5,967
5ede674,brcities5507,concentrado,range,2,173,8,975
5ede674,brcities5507,concentrado,range,2,174,3,978
5ede674,brcities5507,concentrado,range,2,175,6,984
5ede674,brcities5507,concentrado,range,2,176,6,990
5ede674,brcities5507,concentrado,range,2,177,3,993
5ede674,brcities5507,concentrado,range,2,178,3,996
5ede674,brcities5507,concentrado,range,2,179,0,996
5ede674,brcities5507,concentrado,range,2,180,3,999
5ede674,brcities5507,concentrado,range,2,181,3,1002
5ede674,brcities5507,concentrado,range,2,182,4,1006
5ede674,brcities5507,concentrado,range,2,183,0,1006
5ede674,brcities5507,concentrado,range,2,184,3,1009
5ede674,brcities5507,concentrado,range,2,185,0,1009
5ede674,brcities5507,concentrado,range,2,186,3,1012
5ede674,brcities5507,concentrado,range,2,187,8,1020
5ede674,brcities5507,concentrado,range,2,188,4,1024
5ede674,brcities5507,concentrado,range,2,189,8,1032
5ede674,brcities5507,concentrado,range,2,190,2,1034
5ede674,brcities5507,concentrado,range,2,191,7,1041
5ede674,brcities5507,concentrado,range,2,192,8,1049
5ede674,brcities5507,concentrado,range,2,193,0,1049
5ede674,brcities5507,concentrado,range,2,194,1,1050
5ede674,brcities5507,concentrado,range,2,195,8,1058
5ede674,brcities5507,concentrado,range,2,196,1,1059
5ede674,brcities5507,concentrado,range,2,197,8,1067
5ede674,brcities5507,concentrado,range,2,198,3,1070
5ede674,brcities5507,concentrado,range,2,199,3,1073
5ede674,brcities5507,disperso,knn,2,0,8,8
5ede674,brcities5507,disperso,knn,2,1,8,16
5ede674,brcities5507,disperso,knn,2,2,8,24
5ede674,brcities5507,disperso,knn,2,3,8,32
5ede674,brcities5507,disperso,knn,2,4,8,40
5ede674,brcities5507,disperso,knn,2,5,8,48
5ede674,brcities5507,disperso,knn,2,6,8,56
5ede674,brcities5507,disperso,knn,2,7,8,64
5ede674,brcities5507,disperso,knn,2,8,3,67
5ede674,brcities5507,disperso,knn,2,9,2,69
5ede674,brcities5507,disperso,knn,2,10,6,75
5ede674,brcities5507,disperso,knn,2,11,8,83
5ede674,brcities5507,disperso,knn,2,12,7,90
5ede674,brcities5507,disperso,knn,2,13,0,90
5ede674,brcities5507,disperso,knn,2,14,7,97
5ede674,brcities5507,disperso,knn,2,15,7,104
5ede674,brcities5507,disperso,knn,2,16,0,104
5ede674,brcities5507,disperso,knn,2,17,8,112
5ede674,brcities5507,disperso,knn,2,18,8,120
5ede674,brcities5507,disperso,knn,2,19,8,128
5ede674,brcities5507,disperso,knn,2,20,8,136
5ede674,brcities5507,disperso,knn,2,21,8,144
5ede674,brcities5507,disperso,knn,2,22,8,152
5ede674,brcities5507,disperso,knn,2,23,8,160
5ede674,brcities5507,disperso,knn,2,24,8,168
5ede674,brcities5507,disperso,knn,2,25,8,176
5ede674,brcities5507,disperso,knn,2,26,8,184
5ede674,brcities5507,disperso,knn,2,27,0,184
5ede674,brcities5507,disperso,knn,2,28,3,187
5ede674,brcities5507,disperso,knn,2,29,0,187
5ede674,brcities5507,disperso,knn,2,30,0,187
5ede674,brcities5507,disperso,knn,2,31,0,187
5ede674,brcities5507,disperso,knn,2,32,7,194
5ede674,brcities5507,disperso,knn,2,33,0,194
5ede674,brcities5507,disperso,knn,2,34,5,199
5ede674,brcities5507,disperso,knn,2,35,8,207
5ede674,brcities5507,disperso,knn,2,36,8,215
5ede674,brcities5507,disperso,knn,2,37,7,222
5ede674,brcities5507,disperso,knn,2,38,0,222
5ede674,brcities5507,disperso,knn,2,39,8,230
5ede674,brcities5507,disperso,knn,2,40,6,236
5ede674,brcities5507,disperso,knn,2,41,0,236
5ede674,brcities5507,disperso,knn,2,42,8,244
5ede674,brcities5507,disperso,knn,2,43,0,244
5ede674,brcities5507,disperso,knn,2,44,0,244
5ede674,brcities5507,disperso,knn,2,45,8,252
5ede674,brcities5507,disperso,knn,2,46,0,252
5ede674,brcities5507,disperso,knn,2,47,8,260
5ede674,brcities5507,disperso,knn,2,48,0,260
5ede674,brcities5507,disperso,knn,2,49,3,263
5ede674,brcities5507,disperso,knn,2,50,0,263
5ede674,brcities5507,disperso,knn,2,51,0,263
5ede674,brcities5507,disperso,knn,2,52,0,263
5ede674,brcities5507,disperso,knn,2,53,0,263
5ede674,brcities5507,disperso,knn,2,54,0,263
5ede674,brcities5507,disperso,knn,2,55,0,263
5ede674,brcities5507,disperso,knn,2,56,1,264
5ede674,brcities5507,disperso,knn,2,57,0,264
5ede674,brcities5507,disperso,knn,2,58,0,264
5ede674,brcities5507,disperso,knn,2,59,0,264
5ede674,brcities5507,disperso,knn,2,60,0,264
5ede674,brcities5507,disperso,knn,2,61,0,264
5ede674,brcities5507,disperso,knn,2,62,0,264
5ede674,brcities5507,disperso,knn,2,63,0,264
5ede674,brcities5507,disperso,knn,2,64,0,264
5ede674,brcities5507,disperso,knn,2,65,0,264
5ede674,brcities5507,disperso,knn,2,66,0,264
5ede674,brcities5507,disperso,knn,2,67,0,264
5ede674,brcities5507,disperso,knn,2,68,4,268
5ede674,brcities5507,disperso,knn,2,69,0,268
5ede674,brcities5507,disperso,knn,2,70,0,268
5ede674,brcities5507,disperso,knn,2,71,8,276
5ede674,brcities5507,disperso,knn,2,72,2,278
5ede674,brcities5507,disperso,knn,2,73,0,278
5ede674,brcities5507,disperso,knn,2,74,0,278
5ede674,brcities5507,disperso,knn,2,75,2,280
5ede674,brcities5507,disperso,knn,2,76,0,280
5ede674,brcities5507,disperso,knn,2,77,1,281
5ede674,brcities5507,disperso,knn,2,78,0,281
5ede674,brcities5507,disperso,knn,2,79,8,289
5ede674,brcities5507,disperso,knn,2,80,0,289
5ede674,brcities5507,disperso,knn,2,81,0,289
5ede674,brcities5507,disperso,knn,2,82,1,290
5ede674,brcities5507,disperso,knn,2,83,0,290
5ede674,brcities5507,disperso,knn,2,84,0,290
5ede674,brcities5507,disperso,knn,2,85,0,290
5ede674,brcities5507,disperso,knn,2,86,3,293
5ede674,brcities5507,disperso,knn,2,87,1,294
5ede674,brcities5507,disperso,knn,2,88,0,294
5ede674,brcities5507,disperso,knn,2,89,0,294
5ede674,brcities5507,disperso,knn,2,90,1,295
5ede674,brcities5507,disperso,knn,2,91,1,296
5ede674,brcities5507,disperso,knn,2,92,0,296
5ede674,brcities5507,disperso,knn,2,93,0,296
5ede674,brcities5507,disperso,knn,2,94,0,296
5ede674,brcities5507,disperso,knn,2,95,1,297
5ede674,brcities5507,disperso,knn,2,96,0,297
5ede674,brcities5507,disperso,knn,2,97,0,297
5ede674,brcities5507,disperso,knn,2,98,0,297
5ede674,brcities5507,disperso,knn,2,99,0,297
5ede674,brcities5507,disperso,knn,2,100,8,305
5ede674,brcities5507,disperso,knn,2,101,8,313
5ede674,brcities5507,disperso,knn,2,102,4,317
5ede674,brcities5507,disperso,knn,2,103,0,317
5ede674,brcities5507,disperso,knn,2,104,0,317
5ede674,brcities5507,disperso,knn,2,105,0,317
5ede674,brcities5507,disperso,knn,2,106,0,317
5ede674,brcities5507,disperso,knn,2,107,0,317
5ede674,brcities5507,disperso,knn,2,108,3,320
5ede674,brcities5507,disperso,knn,2,109,1,321
5ede674,brcities5507,disperso,knn,2,110,0,321
5ede674,brcities5507,disperso,knn,2,111,8,329
5ede674,brcities5507,disperso,knn,2,112,3,332
5ede674,brcities5507,disperso,knn,2,113,4,336
5ede674,brcities5507,disperso,knn,2,114,8,344
5ede674,brcities5507,disperso,knn,2,115,3,347
5ede674,brcities5507,disperso,knn,2,116,3,350
5ede674,brcities5507,disperso,knn,2,117,0,350
5ede674,brcities5507,disperso,knn,2,118,0,350
5ede674,brcities5507,disperso,knn,2,119,8,358
5ede674,brcities5507,disperso,knn,2,120,7,365
5ede674,brcities5507,disperso,knn,2,121,8,373
5ede674,brcities5507,disperso,knn,2,122,1,374
5ede674,brcities5507,disperso,knn,2,123,1,375
5ede674,brcities5507,disperso,knn,2,124,8,383
5ede674,brcities5507,disperso,knn,2,125,8,391
5ede674,brcities5507,disperso,knn,2,126,8,399
5ede674,brcities5507,disperso,knn,2,127,8,407
5ede674,brcities5507,disperso,knn,2,128,8,415
5ede674,brcities5507,disperso,knn,2,129,0,415
5ede674,brcities5507,disperso,knn,2,130,0,415
5ede674,brcities5507,disperso,knn,2,131,0,415
5ede674,brcities5507,disperso,knn,2,132,3,418
5ede674,brcities5507,disperso,knn,2,133,0,418
5ede674,brcities5507,disperso,knn,2,134,2,420
5ede674,brcities5507,disperso,knn,2,135,6,426
5ede674,brcities5507,disperso,knn,2,136,1,427
5ede674,brcities5507,disperso,knn,2,137,2,429
5ede674,brcities5507,disperso,knn,2,138,0,429
5ede674,brcities5507,disperso,knn,2,139,0,429
5ede674,brcities5507,disperso,knn,2,140,3,432
5ede674,brcities5507,disperso,knn,2,141,0,432
5ede674,brcities5507,disperso,knn,2,142,0,432
5ede674,brcities5507,disperso,knn,2,143,0,432
5ede674,brcities5507,disperso,knn,2,144,2,434
5ede674,brcities5507,disperso,knn,2,145,8,442
5ede674,brcities5507,disperso,knn,2,146,6,448
5ede674,brcities5507,disperso,knn,2,147,0,448
5ede674,brcities5507,disperso,knn,2,148,2,450
5ede674,brcities5507,disperso,knn,2,149,8,458
5ede674,brcities5507,disperso,knn,2,150,8,466
5ede674,brcities5507,disperso,knn,2,151,8,474
5ede674,brcities5507,disperso,knn,2,152,8,482
5ede674,brcities5507,disperso,knn,2,153,6,488
5ede674,brcities5507,disperso,knn,2,154,0,488
5ede674,brcities5507,disperso,knn,2,155,8,496
5ede674,brcities5507,disperso,knn,2,156,2,498
5ede674,brcities5507,disperso,knn,2,157,0,498
5ede674,brcities5507,disperso,knn,2,158,0,498
5ede674,brcities5507,disperso,knn,2,159,8,506
5ede674,brcities5507,disperso,knn,2,160,4,510
5ede674,brcities5507,disperso,knn,2,161,0,510
5ede674,brcities5507,disperso,knn,2,162,1,511
5ede674,brcities5507,disperso,knn,2,163,0,511
5ede674,brcities5507,disperso,knn,2,164,0,511
5ede674,brcities5507,disperso,knn,2,165,8,519
5ede674,brcities5507,disperso,knn,2,166,8,527
5ede674,brcities5507,disperso,knn,2,167,3,530
5ede674,brcities5507,disperso,knn,2,168,0,530
5ede674,brcities5507,disperso,knn,2,169,1,531
5ede674,brcities5507,disperso,knn,2,170,0,531
5ede674,brcities5507,disperso,knn,2,171,0,531
5ede674,brcities5507,disperso,knn,2,172,3,534
5ede674,brcities5507,disperso,knn,2,173,0,534
5ede674,brcities5507,disperso,knn,2,174,0,534
5ede674,brcities5507,disperso,knn,2,175,0,534
5ede674,brcities5507,disperso,knn,2,176,0,534
5ede674,brcities5507,disperso,knn,2,177,0,534
5ede674,brcities5507,disperso,knn,2,178,0,534
5ede674,brcities5507,disperso,knn,2,179,0,534
5ede674,brcities5507,disperso,knn,2,180,0,534
5ede674,brcities5507,disperso,knn,2,181,0,534
5ede674,brcities5507,disperso,knn,2,182,0,534
5ede674,brcities5507,disperso,knn,2,183,0,534
5ede674,brcities5507,disperso,knn,2,184,0,534
5ede674,brcities5507,disperso,knn,2,185,0,534
5ede674,brcities5507,disperso,knn,2,186,3,537
5ede674,brcities5507,disperso,knn,2,187,8,545
5ede674,brcities5507,disperso,knn,2,188,2,547
5ede674,brcities5507,disperso,knn,2,189,2,549
5ede674,brcities5507,disperso,knn,2,190,0,549
5ede674,brcities5507,disperso,knn,2,191,8,557
5ede674,brcities5507,disperso,knn,2,192,0,557
5ede674,brcities5507,disperso,knn,2,193,0,557
5ede674,brcities5507,disperso,knn,2,194,0,557
5ede674,brcities5507,disperso,knn,2,195,0,557
5ede674,brcities5507,disperso,knn,2,196,0,557
5ede674,brcities5507,disperso,knn,2,197,0,557
5ede674,brcities5507,disperso,knn,2,198,0,557
5ede674,brcities5507,disperso,knn,2,199,0,557
5ede674,brcities5507,disperso,range,2,0,8,8
5ede674,brcities5507,disperso,range,2,1,8,16
5ede674,brcities5507,disperso,range,2,2,8,24
5ede674,brcities5507,disperso,range,2,3,8,32
5ede674,brcities5507,disperso,range,2,4,8,40
5ede674,brcities5507,disperso,range,2,5,8,48
5ede674,brcities5507,disperso,range,2,6,8,56
5ede674,brcities5507,disperso,range,2,7,8,64
5ede674,brcities5507,disperso,range,2,8,3,67
5ede674,brcities5507,disperso,range,2,9,2,69
5ede674,brcities5507,disperso,range,2,10,3,72
5ede674,brcities5507,disperso,range,2,11,3,75
5ede674,brcities5507,disperso,range,2,12,0,75
5ede674,brcities5507,disperso,range,2,13,0,75
5ede674,brcities5507,disperso,range,2,14,0,75
5ede674,brcities5507,disperso,range,2,15,0,75
5ede674,brcities5507,disperso,range,2,16,0,75
5ede674,brcities5507,disperso,range,2,17,8,83
5ede674,brcities5507,disperso,range,2,18,8,91
5ede674,brcities5507,disperso,range,2,19,8,99
5ede674,brcities5507,disperso,range,2,20,8,107
5ede674,brcities5507,disperso,range,2,21,8,115
5ede674,brcities5507,disperso,range,2,22,8,123
5ede674,brcities5507,disperso,range,2,23,8,131
5ede674,brcities5507,disperso,range,2,24,8,139
5ede674,brcities5507,disperso,range,2,25,0,139
5ede674,brcities5507,disperso,range,2,26,1,140
5ede674,brcities5507,disperso,range,2,27,0,140
5ede674,brcities5507,disperso,range,2,28,1,141
5ede674,brcities5507,disperso,range,2,29,0,141
5ede674,brcities5507,disperso,range,2,30,0,141
5ede674,brcities5507,disperso,range,2,31,0,141
5ede674,brcities5507,disperso,range,2,32,6,147
5ede674,brcities5507,disperso,range,2,33,0,147
5ede674,brcities5507,disperso,range,2,34,5,152
5ede674,brcities5507,disperso,range,2,35,6,158
5ede674,brcities5507,disperso,range,2,36,8,166
5ede674,brcities5507,disperso,range,2,37,8,174
5ede674,brcities5507,disperso,range,2,38,8,182
5ede674,brcities5507,disperso,range,2,39,8,190
5ede674,brcities5507,disperso,range,2,40,6,196
5ede674,brcities5507,disperso,range,2,41,0,196
5ede674,brcities5507,disperso,range,2,42,8,204
5ede674,brcities5507,disperso,range,2,43,8,212
5ede674,brcities5507,disperso,range,2,44,1,213
5ede674,brcities5507,disperso,range,2,45,8,221
5ede674,brcities5507,disperso,range,2,46,0,221
5ede674,brcities5507,disperso,range,2,47,0,221
5ede674,brcities5507,disperso,range,2,48,8,229
5ede674,brcities5507,disperso,range,2,49,4,233
5ede674,brcities5507,disperso,range,2,50,0,233
5ede674,brcities5507,disperso,range,2,51,0,233
5ede674,brcities5507,disperso,range,2,52,0,233
5ede674,brcities5507,disperso,range,2,53,0,233
5ede674,brcities5507,disperso,range,2,54,0,233
5ede674,brcities5507,disperso,range,2,55,0,233
5ede674,brcities5507,disperso,range,2,56,0,233
5ede674,brcities5507,disperso,range,2,57,0,233
5ede674,brcities5507,disperso,range,2,58,0,233
5ede674,brcities5507,disperso,range,2,59,0,233
5ede674,brcities5507,disperso,range,2,60,0,233
5ede674,brcities5507,disperso,range,2,61,0,233
5ede674,brcities5507,disperso,range,2,62,0,233
5ede674,brcities5507,disperso,range,2,63,0,233
5ede674,brcities5507,disperso,range,2,64,0,233
5ede674,brcities5507,disperso,range,2,65,0,233
5ede674,brcities5507,disperso,range,2,66,1,234
5ede674,brcities5507,disperso,range,2,67,0,234
5ede674,brcities5507,disperso,range,2,68,0,234
5ede674,brcities5507,disperso,range,2,69,0,234
5ede674,brcities5507,disperso,range,2,70,0,234
5ede674,brcities5507,disperso,range,2,71,2,236
5ede674,brcities5507,disperso,range,2,72,0,236
5ede674,brcities5507,disperso,range,2,73,0,236
5ede674,brcities5507,disperso,range,2,74,0,236
5ede674,brcities5507,disperso,range,2,75,0,236
5ede674,brcities5507,disperso,range,2,76,0,236
5ede674,brcities5507,disperso,range,2,77,0,236
5ede674,brcities5507,disperso,range,2,78,0,236
5ede674,brcities5507,disperso,range,2,79,0,236
5ede674,brcities5507,disperso,range,2,80,0,236
5ede674,brcities5507,disperso,range,2,81,0,236
5ede674,brcities5507,disperso,range,2,82,0,236
5ede674,brcities5507,disperso,range,2,83,0,236
5ede674,brcities5507,disperso,range,2,84,1,237
5ede674,brcities5507,disperso,range,2,85,0,237
5ede674,brcities5507,disperso,range,2,86,0,237
5ede674,brcities5507,disperso,range,2,87,8,245
5ede674,brcities5507,disperso,range,2,88,0,245
5ede674,brcities5507,disperso,range,2,89,0,245
5ede674,brcities5507,disperso,range,2,90,1,246
5ede674,brcities5507,disperso,range,2,91,0,246
5ede674,brcities5507,disperso,range,2,92,0,246
5ede674,brcities5507,disperso,range,2,93,1,247
5ede674,brcities5507,disperso,range,2,94,0,247
5ede674,brcities5507,disperso,range,2,95,0,247
5ede674,brcities5507,disperso,range,2,96,0,247
5ede674,brcities5507,disperso,range,2,97,0,247
5ede674,brcities5507,disperso,range,2,98,0,247
5ede674,brcities5507,disperso,range,2,99,0,247
5ede674,brcities5507,disperso,range,2,100,7,254
5ede674,brcities5507,disperso,range,2,101,0,254
5ede674,brcities5507,disperso,range,2,102,0,254
5ede674,brcities5507,disperso,range,2,103,0,254
5ede674,brcities5507,disperso,range,2,104,0,254
5ede674,brcities5507,disperso,range,2,105,0,254
5ede674,brcities5507,disperso,range,2,106,0,254
5ede674,brcities5507,disperso,range,2,107,0,254
5ede674,brcities5507,disperso,range,2,108,8,262
5ede674,brcities5507,disperso,range,2,109,1,263
5ede674,brcities5507,disperso,range,2,110,0,263
5ede674,brcities5507,disperso,range,2,111,3,266
5ede674,brcities5507,disperso,range,2,112,0,266
5ede674,brcities5507,disperso,range,2,113,1,267
5ede674,brcities5507,disperso,range,2,114,0,267
5ede674,brcities5507,disperso,range,2,115,0,267
5ede674,brcities5507,disperso,range,2,116,0,267
5ede674,brcities5507,disperso,range,2,117,0,267
5ede674,brcities5507,disperso,range,2,118,0,267
5ede674,brcities5507,disperso,range,2,119,5,272
5ede674,brcities5507,disperso,range,2,120,0,272
5ede674,brcities5507,disperso,range,2,121,3,275
5ede674,brcities5507,disperso,range,2,122,0,275
5ede674,brcities5507,disperso,range,2,123,1,276
5ede674,brcities5507,disperso,range,2,124,1,277
5ede674,brcities5507,disperso,range,2,125,8,285
5ede674,brcities5507,disperso,range,2,126,8,293
5ede674,brcities5507,disperso,range,2,127,8,301
5ede674,brcities5507,disperso,range,2,128,0,301
5ede674,brcities5507,disperso,range,2,129,0,301
5ede674,brcities5507,disperso,range,2,130,2,303
5ede674,brcities5507,disperso,range,2,131,1,304
5ede674,brcities5507,disperso,range,2,132,8,312
5ede674,brcities5507,disperso,range,2,133,0,312
5ede674,brcities5507,disperso,range,2,134,2,314
5ede674,brcities5507,disperso,range,2,135,6,320
5ede674,brcities5507,disperso,range,2,136,1,321
5ede674,brcities5507,disperso,range,2,137,0,321
5ede674,brcities5507,disperso,range,2,138,0,321
5ede674,brcities5507,disperso,range,2,139,2,323
5ede674,brcities5507,disperso,range,2,140,0,323
5ede674,brcities5507,disperso,range,2,141,0,323
5ede674,brcities5507,disperso,range,2,142,0,323
5ede674,brcities5507,disperso,range,2,143,0,323
5ede674,brcities5507,disperso,range,2,144,2,325
5ede674,brcities5507,disperso,range,2,145,8,333
5ede674,brcities5507,disperso,range,2,146,0,333
5ede674,brcities5507,disperso,range,2,147,0,333
5ede674,brcities5507,disperso,range,2,148,0,333
5ede674,brcities5507,disperso,range,2,149,8,341
5ede674,brcities5507,disperso,range,2,150,8,349
5ede674,brcities5507,disperso,range,2,151,8,357
5ede674,brcities5507,disperso,range,2,152,8,365
5ede674,brcities5507,disperso,range,2,153,0,365
5ede674,brcities5507,disperso,range,2,154,0,365
5ede674,brcities5507,disperso,range,2,155,8,373
5ede674,brcities5507,disperso,range,2,156,8,381
5ede674,brcities5507,disperso,range,2,157,4,385
5ede674,brcities5507,disperso,range,2,158,6,391
5ede674,brcities5507,disperso,range,2,159,8,399
5ede674,brcities5507,disperso,range,2,160,4,403
5ede674,brcities5507,disperso,range,2,161,0,403
5ede674,brcities5507,disperso,range,2,162,1,404
5ede674,brcities5507,disperso,range,2,163,8,412
5ede674,brcities5507,disperso,range,2,164,0,412
5ede674,brcities5507,disperso,range,2,165,8,420
5ede674,brcities5507,disperso,range,2,166,0,420
5ede674,brcities5507,disperso,range,2,167,3,423
5ede674,brcities5507,disperso,range,2,168,0,423
5ede674,brcities5507,disperso,range,2,169,2,425
5ede674,brcities5507,disperso,range,2,170,0,425
5ede674,brcities5507,disperso,range,2,171,1,426
5ede674,brcities5507,disperso,range,2,172,1,427
5ede674,brcities5507,disperso,range,2,173,0,427
5ede674,brcities5507,disperso,range,2,174,1,428
5ede674,brcities5507,disperso,range,2,175,1,429
5ede674,brcities5507,disperso,range,2,176,0,429
5ede674,brcities5507,disperso,range,2,177,0,429
5ede674,brcities5507,disperso,range,2,178,0,429
5ede674,brcities5507,disperso,range,2,179,0,429
5ede674,brcities5507,disperso,range,2,180,0,429
5ede674,brcities5507,disperso,range,2,181,0,429
5ede674,brcities5507,disperso,range,2,182,0,429
5ede674,brcities5507,disperso,range,2,183,0,429
5ede674,brcities5507,disperso,range,2,184,0,429
5ede674,brcities5507,disperso,range,2,185,0,429
5ede674,brcities5507,disperso,range,2,186,0,429
5ede674,brcities5507,disperso,range,2,187,8,437
5ede674,brcities5507,disperso,range,2,188,1,438
5ede674,brcities5507,disperso,range,2,189,0,438
5ede674,brcities5507,disperso,range,2,190,0,438
5ede674,brcities5507,disperso,range,2,191,8,446
5ede674,brcities5507,disperso,range,2,192,0,446
5ede674,brcities5507,disperso,range,2,193,0,446
5ede674,brcities5507,disperso,range,2,194,0,446
5ede674,brcities5507,disperso,range,2,195,0,446
5ede674,brcities5507,disperso,range,2,196,0,446
5ede674,brcities5507,disperso,range,2,197,0,446
5ede674,brcities5507,disperso,range,2,198,0,446
5ede674,brcities5507,disperso,range,2,199,0,446
5ede674,brcities5507,concentrado,knn,3,0,8,8
5ede674,brcities5507,concentrado,knn,3,1,8,16
5ede674,brcities5507,concentrado,knn,3,2,8,24
5ede674,brcities5507,concentrado,knn,3,3,8,32
5ede674,brcities5507,concentrado,knn,3,4,8,40
5ede674,brcities5507,concentrado,knn,3,5,8,48
5ede674,brcities5507,concentrado,knn,3,6,8,56
5ede674,brcities5507,concentrado,knn,3,7,8,64
5ede674,brcities5507,concentrado,knn,3,8,3,67
5ede674,brcities5507,concentrado,knn,3,9,2,69
5ede674,brcities5507,concentrado,knn,3,10,6,75
5ede674,brcities5507,concentrado,knn,3,11,8,83
5ede674,brcities5507,concentrado,knn,3,12,7,90
5ede674,brcities5507,concentrado,knn,3,13,0,90
5ede674,brcities5507,concentrado,knn,3,14,7,97
5ede674,brcities5507,concentrado,knn,3,15,7,104
5ede674,brcities5507,concentrado,knn,3,16,0,104
5ede674,brcities5507,concentrado,knn,3,17,8,112
5ede674,brcities5507,concentrado,knn,3,18,8,120
5ede674,brcities5507,concentrado,knn,3,19,8,128
5ede674,brcities5507,concentrado,knn,3,20,8,136
5ede674,brcities5507,concentrado,knn,3,21,8,144
5ede674,brcities5507,concentrado,knn,3,22,8,152
5ede674,brcities5507,concentrado,knn,3,23,8,160
5ede674,brcities5507,concentrado,knn,3,24,8,168
5ede674,brcities5507,concentrado,knn,3,25,8,176
5ede674,brcities5507,concentrado,knn,3,26,2,178
5ede674,brcities5507,concentrado,knn,3,27,8,186
5ede674,brcities5507,concentrado,knn,3,28,8,194
5ede674,brcities5507,concentrado,knn,3,29,8,202
5ede674,brcities5507,concentrado,knn,3,30,8,210
5ede674,brcities5507,concentrado,knn,3,31,8,218
5ede674,brcities5507,concentrado,knn,3,32,8,226
5ede674,brcities5507,concentrado,knn,3,33,8,234
5ede674,brcities5507,concentrado,knn,3,34,8,242
5ede674,brcities5507,concentrado,knn,3,35,8,250
5ede674,brcities5507,concentrado,knn,3,36,3,253
5ede674,brcities5507,concentrado,knn,3,37,8,261
5ede674,brcities5507,concentrado,knn,3,38,8,269
5ede674,brcities5507,concentrado,knn,3,39,7,276
5ede674,brcities5507,concentrado,knn,3,40,8,284
5ede674,brcities5507,concentrado,knn,3,41,8,292
5ede674,brcities5507,concentrado,knn,3,42,0,292
5ede674,brcities5507,concentrado,knn,3,43,0,292
5ede674,brcities5507,concentrado,knn,3,44,8,300
5ede674,brcities5507,concentrado,knn,3,45,8,308
5ede674,brcities5507,concentrado,knn,3,46,8,316
5ede674,brcities5507,concentrado,knn,3,47,8,324
5ede674,brcities5507,concentrado,knn,3,48,8,332
5ede674,brcities5507,concentrado,knn,3,49,8,340
5ede674,brcities5507,concentrado,knn,3,50,8,348
5ede674,brcities5507,concentrado,knn,3,51,0,348
5ede674,brcities5507,concentrado,knn,3,52,8,356
5ede674,brcities5507,concentrado,knn,3,53,8,364
5ede674,brcities5507,concentrado,knn,3,54,0,364
5ede674,brcities5507,concentrado,knn,3,55,0,364
5ede674,brcities5507,concentrado,knn,3,56,8,372
5ede674,brcities5507,concentrado,knn,3,57,8,380
5ede674,brcities5507,concentrado,knn,3,58,8,388
5ede674,brcities5507,concentrado,knn,3,59,8,396
5ede674,brcities5507,concentrado,knn,3,60,8,404
5ede674,brcities5507,concentrado,knn,3,61,8,412
5ede674,brcities5507,concentrado,knn,3,62,8,420
5ede674,brcities5507,concentrado,knn,3,63,8,428
5ede674,brcities5507,concentrado,knn,3,64,8,436
5ede674,brcities5507,concentrado,knn,3,65,8,444
5ede674,brcities5507,concentrado,knn,3,66,4,448
5ede674,brcities5507,concentrado,knn,3,67,8,456
5ede674,brcities5507,concentrado,knn,3,68,4,460
5ede674,brcities5507,concentrado,knn,3,69,8,468
5ede674,brcities5507,concentrado,knn,3,70,8,476
5ede674,brcities5507,concentrado,knn,3,71,8,484
5ede674,brcities5507,concentrado,knn,3,72,8,492
5ede674,brcities5507,concentrado,knn,3,73,8,500
5ede674,brcities5507,concentrado,knn,3,74,8,508
5ede674,brcities5507,concentrado,knn,3,75,4,512
5ede674,brcities5507,concentrado,knn,3,76,8,520
5ede674,brcities5507,concentrado,knn,3,77,8,528
5ede674,brcities5507,concentrado,knn,3,78,8,536
5ede674,brcities5507,concentrado,knn,3,79,1,537
5ede674,brcities5507,concentrado,knn,3,80,8,545
5ede674,brcities5507,concentrado,knn,3,81,8,553
5ede674,brcities5507,concentrado,knn,3,82,1,554
5ede674,brcities5507,concentrado,knn,3,83,8,562
5ede674,brcities5507,concentrado,knn,3,84,8,570
5ede674,brcities5507,concentrado,knn,3,85,8,578
5ede674,brcities5507,concentrado,knn,3,86,1,579
5ede674,brcities5507,concentrado,knn,3,87,0,579
5ede674,brcities5507,concentrado,knn,3,88,8,587
5ede674,brcities5507,concentrado,knn,3,89,8,595
5ede674,brcities5507,concentrado,knn,3,90,8,603
5ede674,brcities5507,concentrado,knn,3,91,8,611
5ede674,brcities5507,concentrado,knn,3,92,8,619
5ede674,brcities5507,concentrado,knn,3,93,8,627
5ede674,brcities5507,concentrado,knn,3,94,8,635
5ede674,brcities5507,concentrado,knn,3,95,8,643
5ede674,brcities5507,concentrado,knn,3,96,8,651
5ede674,brcities5507,concentrado,knn,3,97,8,659
5ede674,brcities5507,concentrado,knn,3,98,8,667
5ede674,brcities5507,concentrado,knn,3,99,8,675
5ede674,brcities5507,concentrado,knn,3,100,8,683
5ede674,brcities5507,concentrado,knn,3,101,8,691
5ede674,brcities5507,concentrado,knn,3,102,0,691
5ede674,brcities5507,concentrado,knn,3,103,3,694
5ede674,brcities5507,concentrado,knn,3,104,0,694
5ede674,brcities5507,concentrado,knn,3,105,0,694
5ede674,brcities5507,concentrado,knn,3,106,0,694
5ede674,brcities5507,concentrado,knn,3,107,7,701
5ede674,brcities5507,concentrado,knn,3,108,0,701
5ede674,brcities5507,concentrado,knn,3,109,5,706
5ede674,brcities5507,concentrado,knn,3,110,8,714
5ede674,brcities5507,concentrado,knn,3,111,8,722
5ede674,brcities5507,concentrado,knn,3,112,7,729
5ede674,brcities5507,concentrado,knn,3,113,0,729
5ede674,brcities5507,concentrado,knn,3,114,8,737
5ede674,brcities5507,concentrado,knn,3,115,6,743
5ede674,brcities5507,concentrado,knn,3,116,0,743
5ede674,brcities5507,concentrado,knn,3,117,8,751
5ede674,brcities5507,concentrado,knn,3,118,0,751
5ede674,brcities5507,concentrado,knn,3,119,0,751
5ede674,brcities5507,concentrado,knn,3,120,8,759
5ede674,brcities5507,concentrado,knn,3,121,0,759
5ede674,brcities5507,concentrado,knn,3,122,8,767
5ede674,brcities5507,concentrado,knn,3,123,0,767
5ede674,brcities5507,concentrado,knn,3,124,3,770
5ede674,brcities5507,concentrado,knn,3,125,7,777
5ede674,brcities5507,concentrado,knn,3,126,3,780
5ede674,brcities5507,concentrado,knn,3,127,0,780
5ede674,brcities5507,concentrado,knn,3,128,0,780
5ede674,brcities5507,concentrado,knn,3,129,8,788
5ede674,brcities5507,concentrado,knn,3,130,1,789
5ede674,brcities5507,concentrado,knn,3,131,7,796
5ede674,brcities5507,concentrado,knn,3,132,0,796
5ede674,brcities5507,concentrado,knn,3,133,6,802
5ede674,brcities5507,concentrado,knn,3,134,0,802
5ede674,brcities5507,concentrado,knn,3,135,0,802
5ede674,brcities5507,concentrado,knn,3,136,8,810
5ede674,brcities5507,concentrado,knn,3,137,8,818
5ede674,brcities5507,concentrado,knn,3,138,8,826
5ede674,brcities5507,concentrado,knn,3,139,1,827
5ede674,brcities5507,concentrado,knn,3,140,7,834
5ede674,brcities5507,concentrado,knn,3,141,7,841
5ede674,brcities5507,concentrado,knn,3,142,7,848
5ede674,brcities5507,concentrado,knn,3,143,1,849
5ede674,brcities5507,concentrado,knn,3,144,8,857
5ede674,brcities5507,concentrado,knn,3,145,2,859
5ede674,brcities5507,concentrado,knn,3,146,7,866
5ede674,brcities5507,concentrado,knn,3,147,0,866
5ede674,brcities5507,concentrado,knn,3,148,0,866
5ede674,brcities5507,concentrado,knn,3,149,3,869
5ede674,brcities5507,concentrado,knn,3,150,8,877
5ede674,brcities5507,concentrado,knn,3,151,8,885
5ede674,brcities5507,concentrado,knn,3,152,7,892
5ede674,brcities5507,concentrado,knn,3,153,8,900
5ede674,brcities5507,concentrado,knn,3,154,1,901
5ede674,brcities5507,concentrado,knn,3,155,0,901
5ede674,brcities5507,concentrado,knn,3,156,8,909
5ede674,brcities5507,concentrado,knn,3,157,8,917
5ede674,brcities5507,concentrado,knn,3,158,4,921
5ede674,brcities5507,concentrado,knn,3,159,8,929
5ede674,brcities5507,concentrado,knn,3,160,8,937
5ede674,brcities5507,concentrado,knn,3,161,7,944
5ede674,brcities5507,concentrado,knn,3,162,8,952
5ede674,brcities5507,concentrado,knn,3,163,5,957
5ede674,brcities5507,concentrado,knn,3,164,0,957
5ede674,brcities5507,concentrado,knn,3,165,1,958
5ede674,brcities5507,concentrado,knn,3,166,0,958
5ede674,brcities5507,concentrado,knn,3,167,2,960
5ede674,brcities5507,concentrado,knn,3,168,2,962
5ede674,brcities5507,concentrado,knn,3,169,3,965
5ede674,brcities5507,concentrado,knn,3,170,8,973
5ede674,brcities5507,concentrado,knn,3,171,5,978
5ede674,brcities5507,concentrado,knn,3,172,2,980
5ede674,brcities5507,concentrado,knn,3,173,3,983
5ede674,brcities5507,concentrado,knn,3,174,5,988
5ede674,brcities5507,concentrado,knn,3,175,6,994
5ede674,brcities5507,concentrado,knn,3,176,6,1000
5ede674,brcities5507,concentrado,knn,3,177,3,1003
5ede674,brcities5507,concentrado,knn,3,178,3,1006
5ede674,brcities5507,concentrado,knn,3,179,0,1006
5ede674,brcities5507,concentrado,knn,3,180,3,1009
5ede674,brcities5507,concentrado,knn,3,181,3,1012
5ede674,brcities5507,concentrado,knn,3,182,8,1020
5ede674,brcities5507,concentrado,knn,3,183,3,1023
5ede674,brcities5507,concentrado,knn,3,184,3,1026
5ede674,brcities5507,concentrado,knn,3,185,0,1026
5ede674,brcities5507,concentrado,knn,3,186,6,1032
5ede674,brcities5507,concentrado,knn,3,187,8,1040
5ede674,brcities5507,concentrado,knn,3,188,4,1044
5ede674,brcities5507,concentrado,knn,3,189,6,1050
5ede674,brcities5507,concentrado,knn,3,190,5,1055
5ede674,brcities5507,concentrado,knn,3,191,6,1061
5ede674,brcities5507,concentrado,knn,3,192,5,1066
5ede674,brcities5507,concentrado,knn,3,193,0,1066
5ede674,brcities5507,concentrado,knn,3,194,2,1068
5ede674,brcities5507,concentrado,knn,3,195,5,1073
5ede674,brcities5507,concentrado,knn,3,196,0,1073
5ede674,brcities5507,concentrado,knn,3,197,6,1079
5ede674,brcities5507,concentrado,knn,3,198,2,1081
5ede674,brcities5507,concentrado,knn,3,199,2,1083
5ede674,brcities5507,concentrado,range,3,0,8,8
5ede674,brcities5507,concentrado,range,3,1,8,16
5ede674,brcities5507,concentrado,range,3,2,8,24
5ede674,brcities5507,concentrado,range,3,3,8,32
5ede674,brcities5507,concentrado,range,3,4,8,40
5ede674,brcities5507,concentrado,range,3,5,8,48
5ede674,brcities5507,concentrado,range,3,6,8,56
5ede674,brcities5507,concentrado,range,3,7,8,64
5ede674,brcities5507,concentrado,range,3,8,3,67
5ede674,brcities5507,concentrado,range,3,9,2,69
5ede674,brcities5507,concentrado,range,3,10,3,72
5ede674,brcities5507,concentrado,range,3,11,3,75
5ede674,brcities5507,concentrado,range,3,12,0,75
5ede674,brcities5507,concentrado,range,3,13,0,75
5ede674,brcities5507,concentrado,range,3,14,0,75
5ede674,brcities5507,concentrado,range,3,15,0,75
5ede674,brcities5507,concentrado,range,3,16,0,75
5ede674,brcities5507,concentrado,range,3,17,8,83
5ede674,brcities5507,concentrado,range,3,18,8,91
5ede674,brcities5507,concentrado,range,3,19,8,99
5ede674,brcities5507,concentrado,range,3,20,8,107
5ede674,brcities5507,concentrado,range,3,21,8,115
5ede674,brcities5507,concentrado,range,3,22,8,123
5ede674,brcities5507,concentrado,range,3,23,8,131
5ede674,brcities5507,concentrado,range,3,24,8,139
5ede674,brcities5507,concentrado,range,3,25,8,147
5ede674,brcities5507,concentrado,range,3,26,2,149
5ede674,brcities5507,concentrado,range,3,27,8,157
5ede674,brcities5507,concentrado,range,3,28,8,165
5ede674,brcities5507,concentrado,range,3,29,8,173
5ede674,brcities5507,concentrado,range,3,30,8,181
5ede674,brcities5507,concentrado,range,3,31,8,189
5ede674,brcities5507,concentrado,range,3,32,8,197
5ede674,brcities5507,concentrado,range,3,33,8,205
5ede674,brcities5507,concentrado,range,3,34,8,213
5ede674,brcities5507,concentrado,range,3,35,8,221
5ede674,brcities5507,concentrado,range,3,36,7,228
5ede674,brcities5507,concentrado,range,3,37,8,236
5ede674,brcities5507,concentrado,range,3,38,8,244
5ede674,brcities5507,concentrado,range,3,39,7,251
5ede674,brcities5507,concentrado,range,3,40,8,259
5ede674,brcities5507,concentrado,range,3,41,8,267
5ede674,brcities5507,concentrado,range,3,42,0,267
5ede674,brcities5507,concentrado,range,3,43,0,267
5ede674,brcities5507,concentrado,range,3,44,8,275
5ede674,brcities5507,concentrado,range,3,45,7,282
5ede674,brcities5507,concentrado,range,3,46,8,290
5ede674,brcities5507,concentrado,range,3,47,8,298
5ede674,brcities5507,concentrado,range,3,48,8,306
5ede674,brcities5507,concentrado,range,3,49,8,314
5ede674,brcities5507,concentrado,range,3,50,8,322
5ede674,brcities5507,concentrado,range,3,51,0,322
5ede674,brcities5507,concentrado,range,3,52,8,330
5ede674,brcities5507,concentrado,range,3,53,8,338
5ede674,brcities5507,concentrado,range,3,54,0,338
5ede674,brcities5507,concentrado,range,3,55,0,338
5ede674,brcities5507,concentrado,range,3,56,8,346
5ede674,brcities5507,concentrado,range,3,57,8,354
5ede674,brcities5507,concentrado,range,3,58,8,362
5ede674,brcities5507,concentrado,range,3,59,8,370
5ede674,brcities5507,concentrado,range,3,60,8,378
5ede674,brcities5507,concentrado,range,3,61,8,386
5ede674,brcities5507,concentrado,range,3,62,8,394
5ede674,brcities5507,concentrado,range,3,63,8,402
5ede674,brcities5507,concentrado,range,3,64,8,410
5ede674,brcities5507,concentrado,range,3,65,8,418
5ede674,brcities5507,concentrado,range,3,66,4,422
5ede674,brcities5507,concentrado,range,3,67,8,430
5ede674,brcities5507,concentrado,range,3,68,0,430
5ede674,brcities5507,concentrado,range,3,69,8,438
5ede674,brcities5507,concentrado,range,3,70,8,446
5ede674,brcities5507,concentrado,range,3,71,8,454
5ede674,brcities5507,concentrado,range,3,72,8,462
5ede674,brcities5507,concentrado,range,3,73,8,470
5ede674,brcities5507,concentrado,range,3,74,8,478
5ede674,brcities5507,concentrado,range,3,75,8,486
5ede674,brcities5507,concentrado,range,3,76,8,494
5ede674,brcities5507,concentrado,range,3,77,8,502
5ede674,brcities5507,concentrado,range,3,78,8,510
5ede674,brcities5507,concentrado,range,3,79,5,515
5ede674,brcities5507,concentrado,range,3,80,8,523
5ede674,brcities5507,concentrado,range,3,81,8,531
5ede674,brcities5507,concentrado,range,3,82,3,534
5ede674,brcities5507,concentrado,range,3,83,8,542
5ede674,brcities5507,concentrado,range,3,84,8,550
5ede674,brcities5507,concentrado,range,3,85,8,558
5ede674,brcities5507,concentrado,range,3,86,0,558
5ede674,brcities5507,concentrado,range,3,87,0,558
5ede674,brcities5507,concentrado,range,3,88,8,566
5ede674,brcities5507,concentrado,range,3,89,8,574
5ede674,brcities5507,concentrado,range,3,90,8,582
5ede674,brcities5507,concentrado,range,3,91,7,589
5ede674,brcities5507,concentrado,range,3,92,8,597
5ede674,brcities5507,concentrado,range,3,93,8,605
5ede674,brcities5507,concentrado,range,3,94,8,613
5ede674,brcities5507,concentrado,range,3,95,8,621
5ede674,brcities5507,concentrado,range,3,96,8,629
5ede674,brcities5507,concentrado,range,3,97,8,637
5ede674,brcities5507,concentrado,range,3,98,8,645
5ede674,brcities5507,concentrado,range,3,99,8,653
5ede674,brcities5507,concentrado,range,3,100,0,653
5ede674,brcities5507,concentrado,range,3,101,1,654
5ede674,brcities5507,concentrado,range,3,102,0,654
5ede674,brcities5507,concentrado,range,3,103,1,655
5ede674,brcities5507,concentrado,range,3,104,0,655
5ede674,brcities5507,concentrado,range,3,105,0,655
5ede674,brcities5507,concentrado,range,3,106,0,655
5ede674,brcities5507,concentrado,range,3,107,6,661
5ede674,brcities5507,concentrado,range,3,108,0,661
5ede674,brcities5507,concentrado,range,3,109,5,666
5ede674,brcities5507,concentrado,range,3,110,6,672
5ede674,brcities5507,concentrado,range,3,111,8,680
5ede674,brcities5507,concentrado,range,3,112,8,688
5ede674,brcities5507,concentrado,range,3,113,8,696
5ede674,brcities5507,concentrado,range,3,114,8,704
5ede674,brcities5507,concentrado,range,3,115,6,710
5ede674,brcities5507,concentrado,range,3,116,0,710
5ede674,brcities5507,concentrado,range,3,117,8,718
5ede674,brcities5507,concentrado,range,3,118,8,726
5ede674,brcities5507,concentrado,range,3,119,1,727
5ede674,brcities5507,concentrado,range,3,120,8,735
5ede674,brcities5507,concentrado,range,3,121,0,735
5ede674,brcities5507,concentrado,range,3,122,0,735
5ede674,brcities5507,concentrado,range,3,123,8,743
5ede674,brcities5507,concentrado,range,3,124,4,747
5ede674,brcities5507,concentrado,range,3,125,8,755
5ede674,brcities5507,concentrado,range,3,126,6,761
5ede674,brcities5507,concentrado,range,3,127,8,769
5ede674,brcities5507,concentrado,range,3,128,0,769
5ede674,brcities5507,concentrado,range,3,129,8,777
5ede674,brcities5507,concentrado,range,3,130,1,778
5ede674,brcities5507,concentrado,range,3,131,7,785
5ede674,brcities5507,concentrado,range,3,132,2,787
5ede674,brcities5507,concentrado,range,3,133,8,795
5ede674,brcities5507,concentrado,range,3,134,3,798
5ede674,brcities5507,concentrado,range,3,135,1,799
5ede674,brcities5507,concentrado,range,3,136,8,807
5ede674,brcities5507,concentrado,range,3,137,7,814
5ede674,brcities5507,concentrado,range,3,138,8,822
5ede674,brcities5507,concentrado,range,3,139,2,824
5ede674,brcities5507,concentrado,range,3,140,8,832
5ede674,brcities5507,concentrado,range,3,141,7,839
5ede674,brcities5507,concentrado,range,3,142,8,847
5ede674,brcities5507,concentrado,range,3,143,0,847
5ede674,brcities5507,concentrado,range,3,144,8,855
5ede674,brcities5507,concentrado,range,3,145,4,859
5ede674,brcities5507,concentrado,range,3,146,7,866
5ede674,brcities5507,concentrado,range,3,147,0,866
5ede674,brcities5507,concentrado,range,3,148,0,866
5ede674,brcities5507,concentrado,range,3,149,5,871
5ede674,brcities5507,concentrado,range,3,150,8,879
5ede674,brcities5507,concentrado,range,3,151,8,887
5ede674,brcities5507,concentrado,range,3,152,0,887
5ede674,brcities5507,concentrado,range,3,153,7,894
5ede674,brcities5507,concentrado,range,3,154,0,894
5ede674,brcities5507,concentrado,range,3,155,0,894
5ede674,brcities5507,concentrado,range,3,156,8,902
5ede674,brcities5507,concentrado,range,3,157,8,910
5ede674,brcities5507,concentrado,range,3,158,4,914
5ede674,brcities5507,concentrado,range,3,159,0,914
5ede674,brcities5507,concentrado,range,3,160,7,921
5ede674,brcities5507,concentrado,range,3,161,0,921
5ede674,brcities5507,concentrado,range,3,162,7,928
5ede674,brcities5507,concentrado,range,3,163,8,936
5ede674,brcities5507,concentrado,range,3,164,3,939
5ede674,brcities5507,concentrado,range,3,165,1,940
5ede674,brcities5507,concentrado,range,3,166,0,940
5ede674,brcities5507,concentrado,range,3,167,5,945
5ede674,brcities5507,concentrado,range,3,168,5,950
5ede674,brcities5507,concentrado,range,3,169,0,950
5ede674,brcities5507,concentrado,range,3,170,8,958
5ede674,brcities5507,concentrado,range,3,171,4,962
5ede674,brcities5507,concentrado,range,3,172,5,967
5ede674,brcities5507,concentrado,range,3,173,8,975
5ede674,brcities5507,concentrado,range,3,174,3,978
5ede674,brcities5507,concentrado,range,3,175,6,984
5ede674,brcities5507,concentrado,range,3,176,6,990
5ede674,brcities5507,concentrado,range,3,177,3,993
5ede674,brcities5507,concentrado,range,3,178,3,996
5ede674,brcities5507,concentrado,range,3,179,0,996
5ede674,brcities5507,concentrado,range,3,180,3,999
5ede674,brcities5507,concentrado,range,3,181,3,1002
5ede674,brcities5507,concentrado,range,3,182,4,1006
5ede674,brcities5507,concentrado,range,3,183,0,1006
5ede674,brcities5507,concentrado,range,3,184,3,1009
5ede674,brcities5507,concentrado,range,3,185,0,1009
5ede674,brcities5507,concentrado,range,3,186,3,1012
5ede674,brcities5507,concentrado,range,3,187,8,1020
5ede674,brcities5507,concentrado,range,3,188,4,1024
5ede674,brcities5507,concentrado,range,3,189,8,1032
5ede674,brcities5507,concentrado,range,3,190,2,1034
5ede674,brcities5507,concentrado,range,3,191,7,1041
5ede674,brcities5507,concentrado,range,3,192,8,1049
5ede674,brcities5507,concentrado,range,3,193,0,1049
5ede674,brcities5507,concentrado,range,3,194,1,1050
5ede674,brcities5507,concentrado,range,3,195,8,1058
5ede674,brcities5507,concentrado,range,3,196,1,1059
5ede674,brcities5507,concentrado,range,3,197,8,1067
5ede674,brcities5507,concentrado,range,3,198,3,1070
5ede674,brcities5507,concentrado,range,3,199,3,1073
5ede674,brcities5507,disperso,knn,3,0,8,8
5ede674,brcities5507,disperso,knn,3,1,8,16
5ede674,brcities5507,disperso,knn,3,2,8,24
5ede674,brcities5507,disperso,knn,3,3,8,32
5ede674,brcities5507,disperso,knn,3,4,8,40
5ede674,brcities5507,disperso,knn,3,5,8,48
5ede674,brcities5507,disperso,knn,3,6,8,56
5ede674,brcities5507,disperso,knn,3,7,8,64
5ede674,brcities5507,disperso,knn,3,8,3,67
5ede674,brcities5507,disperso,knn,3,9,2,69
5ede674,brcities5507,disperso,knn,3,10,6,75
5ede674,brcities5507,disperso,knn,3,11,8,83
5ede674,brcities5507,disperso,knn,3,12,7,90
5ede674,brcities5507,disperso,knn,3,13,0,90
5ede674,brcities5507,disperso,knn,3,14,7,97
5ede674,brcities5507,disperso,knn,3,15,7,104
5ede674,brcities5507,disperso,knn,3,16,0,104
5ede674,brcities5507,disperso,knn,3,17,8,112
5ede674,brcities5507,disperso,knn,3,18,8,120
5ede674,brcities5507,disperso,knn,3,19,8,128
5ede674,brcities5507,disperso,knn,3,20,8,136
5ede674,brcities5507,disperso,knn,3,21,8,144
5ede674,brcities5507,disperso,knn,3,22,8,152
5ede674,brcities5507,disperso,knn,3,23,8,160
5ede674,brcities5507,disperso,knn,3,24,8,168
5ede674,brcities5507,disperso,knn,3,25,8,176
5ede674,brcities5507,disperso,knn,3,26,8,184
5ede674,brcities5507,disperso,knn,3,27,0,184
5ede674,brcities5507,disperso,knn,3,28,3,187
5ede674,brcities5507,disperso,knn,3,29,0,187
5ede674,brcities5507,disperso,knn,3,30,0,187
5ede674,brcities5507,disperso,knn,3,31,0,187
5ede674,brcities5507,disperso,knn,3,32,7,194
5ede674,brcities5507,disperso,knn,3,33,0,194
5ede674,brcities5507,disperso,knn,3,34,5,199
5ede674,brcities5507,disperso,knn,3,35,8,207
5ede674,brcities5507,disperso,knn,3,36,8,215
5ede674,brcities5507,disperso,knn,3,37,7,222
5ede674,brcities5507,disperso,knn,3,38,0,222
5ede674,brcities5507,disperso,knn,3,39,8,230
5ede674,brcities5507,disperso,knn,3,40,6,236
5ede674,brcities5507,disperso,knn,3,41,0,236
5ede674,brcities5507,disperso,knn,3,42,8,244
5ede674,brcities5507,disperso,knn,3,43,0,244
5ede674,brcities5507,disperso,knn,3,44,0,244
5ede674,brcities5507,disperso,knn,3,45,8,252
5ede674,brcities5507,disperso,knn,3,46,0,252
5ede674,brcities5507,disperso,knn,3,47,8,260
5ede674,brcities5507,disperso,knn,3,48,0,260
5ede674,brcities5507,disperso,knn,3,49,3,263
5ede674,brcities5507,disperso,knn,3,50,0,263
5ede674,brcities5507,disperso,knn,3,51,0,263
5ede674,brcities5507,disperso,knn,3,52,0,263
5ede674,brcities5507,disperso,knn,3,53,0,263
5ede674,brcities5507,disperso,knn,3,54,0,263
5ede674,brcities5507,disperso,knn,3,55,0,263
5ede674,brcities5507,disperso,knn,3,56,1,264
5ede674,brcities5507,disperso,knn,3,57,0,264
5ede674,brcities5507,disperso,knn,3,58,0,264
5ede674,brcities5507,disperso,knn,3,59,0,264
5ede674,brcities5507,disperso,knn,3,60,0,264
5ede674,brcities5507,disperso,knn,3,61,0,264
5ede674,brcities5507,disperso,knn,3,62,0,264
5ede674,brcities5507,disperso,knn,3,63,0,264
5ede674,brcities5507,disperso,knn,3,64,0,264
5ede674,brcities5507,disperso,knn,3,65,0,264
5ede674,brcities5507,disperso,knn,3,66,0,264
5ede674,brcities5507,disperso,knn,3,67,0,264
5ede674,brcities5507,disperso,knn,3,68,4,268
5ede674,brcities5507,disperso,knn,3,69,0,268
5ede674,brcities5507,disperso,knn,3,70,0,268
5ede674,brcities5507,disperso,knn,3,71,8,276
5ede674,brcities5507,disperso,knn,3,72,2,278
5ede674,brcities5507,disperso,knn,3,73,0,278
5ede674,brcities5507,disperso,knn,3,74,0,278
5ede674,brcities5507,disperso,knn,3,75,2,280
5ede674,brcities5507,disperso,knn,3,76,0,280
5ede674,brcities5507,disperso,knn,3,77,1,281
5ede674,brcities5507,disperso,knn,3,78,0,281
5ede674,brcities5507,disperso,knn,3,79,8,289
5ede674,brcities5507,disperso,knn,3,80,0,289
5ede674,brcities5507,disperso,knn,3,81,0,289
5ede674,brcities5507,disperso,knn,3,82,1,290
5ede674,brcities5507,disperso,knn,3,83,0,290
5ede674,brcities5507,disperso,knn,3,84,0,290
5ede674,brcities5507,disperso,knn,3,85,0,290
5ede674,brcities5507,disperso,knn,3,86,3,293
5ede674,brcities5507,disperso,knn,3,87,1,294
5ede674,brcities5507,disperso,knn,3,88,0,294
5ede674,brcities5507,disperso,knn,3,89,0,294
5ede674,brcities5507,disperso,knn,3,90,1,295
5ede674,brcities5507,disperso,knn,3,91,1,296
5ede674,brcities5507,disperso,knn,3,92,0,296
5ede674,brcities5507,disperso,knn,3,93,0,296
5ede674,brcities5507,disperso,knn,3,94,0,296
5ede674,brcities5507,disperso,knn,3,95,1,297
5ede674,brcities5507,disperso,knn,3,96,0,297
5ede674,brcities5507,disperso,knn,3,97,0,297
5ede674,brcities5507,disperso,knn,3,98,0,297
5ede674,brcities5507,disperso,knn,3,99,0,297
5ede674,brcities5507,disperso,knn,3,100,8,305
5ede674,brcities5507,disperso,knn,3,101,8,313
5ede674,brcities5507,disperso,knn,3,102,4,317
5ede674,brcities5507,disperso,knn,3,103,0,317
5ede674,brcities5507,disperso,knn,3,104,0,317
5ede674,brcities5507,disperso,knn,3,105,0,317
5ede674,brcities5507,disperso,knn,3,106,0,317
5ede674,brcities5507,disperso,knn,3,107,0,317
5ede674,brcities5507,disperso,knn,3,108,3,320
5ede674,brcities5507,disperso,knn,3,109,1,321
5ede674,brcities5507,disperso,knn,3,110,0,321
5ede674,brcities5507,disperso,knn,3,111,8,329
5ede674,brcities5507,disperso,knn,3,112,3,332
5ede674,brcities5507,disperso,knn,3,113,4,336
5ede674,brcities5507,disperso,knn,3,114,8,344
5ede674,brcities5507,disperso,knn,3,115,3,347
5ede674,brcities5507,disperso,knn,3,116,3,350
5ede674,brcities5507,disperso,knn,3,117,0,350
5ede674,brcities5507,disperso,knn,3,118,0,350
5ede674,brcities5507,disperso,knn,3,119,8,358
5ede674,brcities5507,disperso,knn,3,120,7,365
5ede674,brcities5507,disperso,knn,3,121,8,373
5ede674,brcities5507,disperso,knn,3,122,1,374
5ede674,brcities5507,disperso,knn,3,123,1,375
5ede674,brcities5507,disperso,knn,3,124,8,383
5ede674,brcities5507,disperso,knn,3,125,8,391
5ede674,brcities5507,disperso,knn,3,126,8,399
5ede674,brcities5507,disperso,knn,3,127,8,407
5ede674,brcities5507,disperso,knn,3,128,8,415
5ede674,brcities5507,disperso,knn,3,129,0,415
5ede674,brcities5507,disperso,knn,3,130,0,415
5ede674,brcities5507,disperso,knn,3,131,0,415
5ede674,brcities5507,disperso,knn,3,132,3,418
5ede674,brcities5507,disperso,knn,3,133,0,418
5ede674,brcities5507,disperso,knn,3,134,2,420
5ede674,brcities5507,disperso,knn,3,135,6,426
5ede674,brcities5507,disperso,knn,3,136,1,427
5ede674,brcities5507,disperso,knn,3,137,2,429
5ede674,brcities5507,disperso,knn,3,138,0,429
5ede674,brcities5507,disperso,knn,3,139,0,429
5ede674,brcities5507,disperso,knn,3,140,3,432
5ede674,brcities5507,disperso,knn,3,141,0,432
5ede674,brcities5507,disperso,knn,3,142,0,432
5ede674,brcities5507,disperso,knn,3,143,0,432
5ede674,brcities5507,disperso,knn,3,144,2,434
5ede674,brcities5507,disperso,knn,3,145,8,442
5ede674,brcities5507,disperso,knn,3,146,6,448
5ede674,brcities5507,disperso,knn,3,147,0,448
5ede674,brcities5507,disperso,knn,3,148,2,450
5ede674,brcities5507,disperso,knn,3,149,8,458
5ede674,brcities5507,disperso,knn,3,150,8,466
5ede674,brcities5507,disperso,knn,3,151,8,474
5ede674,brcities5507,disperso,knn,3,152,8,482
5ede674,brcities5507,disperso,knn,3,153,6,488
5ede674,brcities5507,disperso,knn,3,154,0,488
5ede674,brcities5507,disperso,knn,3,155,8,496
5ede674,brcities5507,disperso,knn,3,156,2,498
5ede674,brcities5507,disperso,knn,3,157,0,498
5ede674,brcities5507,disperso,knn,3,158,0,498
5ede674,brcities5507,disperso,knn,3,159,8,506
5ede674,brcities5507,disperso,knn,3,160,4,510
5ede674,brcities5507,disperso,knn,3,161,0,510
5ede674,brcities5507,disperso,knn,3,162,1,511
5ede674,brcities5507,disperso,knn,3,163,0,511
5ede674,brcities5507,disperso,knn,3,164,0,511
5ede674,brcities5507,disperso,knn,3,165,8,519
5ede674,brcities5507,disperso,knn,3,166,8,527
5ede674,brcities5507,disperso,knn,3,167,3,530
5ede674,brcities5507,disperso,knn,3,168,0,530
5ede674,brcities5507,disperso,knn,3,169,1,531
5ede674,brcities5507,disperso,knn,3,170,0,531
5ede674,brcities5507,disperso,knn,3,171,0,531
5ede674,brcities5507,disperso,knn,3,172,3,534
5ede674,brcities5507,disperso,knn,3,173,0,534
5ede674,brcities5507,disperso,knn,3,174,0,534
5ede674,brcities5507,disperso,knn,3,175,0,534
5ede674,brcities5507,disperso,knn,3,176,0,534
5ede674,brcities5507,disperso,knn,3,177,0,534
5ede674,brcities5507,disperso,knn,3,178,0,534
5ede674,brcities5507,disperso,knn,3,179,0,534
5ede674,brcities5507,disperso,knn,3,180,0,534
5ede674,brcities5507,disperso,knn,3,181,0,534
5ede674,brcities5507,disperso,knn,3,182,0,534
5ede674,brcities5507,disperso,knn,3,183,0,534
5ede674,brcities5507,disperso,knn,3,184,0,534
5ede674,brcities5507,disperso,knn,3,185,0,534
5ede674,brcities5507,disperso,knn,3,186,3,537
5ede674,brcities5507,disperso,knn,3,187,8,545
5ede674,brcities5507,disperso,knn,3,188,2,547
5ede674,brcities5507,disperso,knn,3,189,2,549
5ede674,brcities5507,disperso,knn,3,190,0,549
5ede674,brcities5507,disperso,knn,3,191,8,557
5ede674,brcities5507,disperso,knn,3,192,0,557
5ede674,brcities5507,disperso,knn,3,193,0,557
5ede674,brcities5507,disperso,knn,3,194,0,557
5ede674,brcities5507,disperso,knn,3,195,0,557
5ede674,brcities5507,disperso,knn,3,196,0,557
5ede674,brcities5507,disperso,knn,3,197,0,557
5ede674,brcities5507,disperso,knn,3,198,0,557
5ede674,brcities5507,disperso,knn,3,199,0,557
5ede674,brcities5507,disperso,range,3,0,8,8
5ede674,brcities5507,disperso,range,3,1,8,16
5ede674,brcities5507,disperso,range,3,2,8,24
5ede674,brcities5507,disperso,range,3,3,8,32
5ede674,brcities5507,disperso,range,3,4,8,40
5ede674,brcities5507,disperso,range,3,5,8,48
5ede674,brcities5507,disperso,range,3,6,8,56
5ede674,brcities5507,disperso,range,3,7,8,64
5ede674,brcities5507,disperso,range,3,8,3,67
5ede674,brcities5507,disperso,range,3,9,2,69
5ede674,brcities5507,disperso,range,3,10,3,72
5ede674,brcities5507,disperso,range,3,11,3,75
5ede674,brcities5507,disperso,range,3,12,0,75
5ede674,brcities5507,disperso,range,3,13,0,75
5ede674,brcities5507,disperso,range,3,14,0,75
5ede674,brcities5507,disperso,range,3,15,0,75
5ede674,brcities5507,disperso,range,3,16,0,75
5ede674,brcities5507,disperso,range,3,17,8,83
5ede674,brcities5507,disperso,range,3,18,8,91
5ede674,brcities5507,disperso,range,3,19,8,99
5ede674,brcities5507,disperso,range,3,20,8,107
5ede674,brcities5507,disperso,range,3,21,8,115
5ede674,brcities5507,disperso,range,3,22,8,123
5ede674,brcities5507,disperso,range,3,23,8,131
5ede674,brcities5507,disperso,range,3,24,8,139
5ede674,brcities5507,disperso,range,3,25,0,139
5ede674,brcities5507,disperso,range,3,26,1,140
5ede674,brcities5507,disperso,range,3,27,0,140
5ede674,brcities5507,disperso,range,3,28,1,141
5ede674,brcities5507,disperso,range,3,29,0,141
5ede674,brcities5507,disperso,range,3,30,0,141
5ede674,brcities5507,disperso,range,3,31,0,141
5ede674,brcities5507,disperso,range,3,32,6,147
5ede674,brcities5507,disperso,range,3,33,0,147
5ede674,brcities5507,disperso,range,3,34,5,152
5ede674,brcities5507,disperso,range,3,35,6,158
5ede674,brcities5507,disperso,range,3,36,8,166
5ede674,brcities5507,disperso,range,3,37,8,174
5ede674,brcities5507,disperso,range,3,38,8,182
5ede674,brcities5507,disperso,range,3,39,8,190
5ede674,brcities5507,disperso,range,3,40,6,196
5ede674,brcities5507,disperso,range,3,41,0,196
5ede674,brcities5507,disperso,range,3,42,8,204
5ede674,brcities5507,disperso,range,3,43,8,212
5ede674,brcities5507,disperso,range,3,44,1,213
5ede674,brcities5507,disperso,range,3,45,8,221
5ede674,brcities5507,disperso,range,3,46,0,221
5ede674,brcities5507,disperso,range,3,47,0,221
5ede674,brcities5507,disperso,range,3,48,8,229
5ede674,brcities5507,disperso,range,3,49,4,233
5ede674,brcities5507,disperso,range,3,50,0,233
5ede674,brcities5507,disperso,range,3,51,0,233
5ede674,brcities5507,disperso,range,3,52,0,233
5ede674,brcities5507,disperso,range,3,53,0,233
5ede674,brcities5507,disperso,range,3,54,0,233
5ede674,brcities5507,disperso,range,3,55,0,233
5ede674,brcities5507,disperso,range,3,56,0,233
5ede674,brcities5507,disperso,range,3,57,0,233
5ede674,brcities5507,disperso,range,3,58,0,233
5ede674,brcities5507,disperso,range,3,59,0,233
5ede674,brcities5507,disperso,range,3,60,0,233
5ede674,brcities5507,disperso,range,3,61,0,233
5ede674,brcities5507,disperso,range,3,62,0,233
5ede674,brcities5507,disperso,range,3,63,0,233
5ede674,brcities5507,disperso,range,3,64,0,233
5ede674,brcities5507,disperso,range,3,65,0,233
5ede674,brcities5507,disperso,range,3,66,1,234
5ede674,brcities5507,disperso,range,3,67,0,234
5ede674,brcities5507,disperso,range,3,68,0,234
5ede674,brcities5507,disperso,range,3,69,0,234
5ede674,brcities5507,disperso,range,3,70,0,234
5ede674,brcities5507,disperso,range,3,71,2,236
5ede674,brcities5507,disperso,range,3,72,0,236
5ede674,brcities5507,disperso,range,3,73,0,236
5ede674,brcities5507,disperso,range,3,74,0,236
5ede674,brcities5507,disperso,range,3,75,0,236
5ede674,brcities5507,disperso,range,3,76,0,236
5ede674,brcities5507,disperso,range,3,77,0,236
5ede674,brcities5507,disperso,range,3,78,0,236
5ede674,brcities5507,disperso,range,3,79,0,236
5ede674,brcities5507,disperso,range,3,80,0,236
5ede674,brcities5507,disperso,range,3,81,0,236
5ede674,brcities5507,disperso,range,3,82,0,236
5ede674,brcities5507,disperso,range,3,83,0,236
5ede674,brcities5507,disperso,range,3,84,1,237
5ede674,brcities5507,disperso,range,3,85,0,237
5ede674,brcities5507,disperso,range,3,86,0,237
5ede674,brcities5507,disperso,range,3,87,8,245
5ede674,brcities5507,disperso,range,3,88,0,245
5ede674,brcities5507,disperso,range,3,89,0,245
5ede674,brcities5507,disperso,range,3,90,1,246
5ede674,brcities5507,disperso,range,3,91,0,246
5ede674,brcities5507,disperso,range,3,92,0,246
5ede674,brcities5507,disperso,range,3,93,1,247
5ede674,brcities5507,disperso,range,3,94,0,247
5ede674,brcities5507,disperso,range,3,95,0,247
5ede674,brcities5507,disperso,range,3,96,0,247
5ede674,brcities5507,disperso,range,3,97,0,247
5ede674,brcities5507,disperso,range,3,98,0,247
5ede674,brcities5507,disperso,range,3,99,0,247
5ede674,brcities5507,disperso,range,3,100,7,254
5ede674,brcities5507,disperso,range,3,101,0,254
5ede674,brcities5507,disperso,range,3,102,0,254
5ede674,brcities5507,disperso,range,3,103,0,254
5ede674,brcities5507,disperso,range,3,104,0,254
5ede674,brcities5507,disperso,range,3,105,0,254
5ede674,brcities5507,disperso,range,3,106,0,254
5ede674,brcities5507,disperso,range,3,107,0,254
5ede674,brcities5507,disperso,range,3,108,8,262
5ede674,brcities5507,disperso,range,3,109,1,263
5ede674,brcities5507,disperso,range,3,110,0,263
5ede674,brcities5507,disperso,range,3,111,3,266
5ede674,brcities5507,disperso,range,3,112,0,266
5ede674,brcities5507,disperso,range,3,113,1,267
5ede674,brcities5507,disperso,range,3,114,0,267
5ede674,brcities5507,disperso,range,3,115,0,267
5ede674,brcities5507,disperso,range,3,116,0,267
5ede674,brcities5507,disperso,range,3,117,0,267
5ede674,brcities5507,disperso,range,3,118,0,267
5ede674,brcities5507,disperso,range,3,119,5,272
5ede674,brcities5507,disperso,range,3,120,0,272
5ede674,brcities5507,disperso,range,3,121,3,275
5ede674,brcities5507,disperso,range,3,122,0,275
5ede674,brcities5507,disperso,range,3,123,1,276
5ede674,brcities5507,disperso,range,3,124,1,277
5ede674,brcities5507,disperso,range,3,125,8,285
5ede674,brcities5507,disperso,range,3,126,8,293
5ede674,brcities5507,disperso,range,3,127,8,301
5ede674,brcities5507,disperso,range,3,128,0,301
5ede674,brcities5507,disperso,range,3,129,0,301
5ede674,brcities5507,disperso,range,3,130,2,303
5ede674,brcities5507,disperso,range,3,131,1,304
5ede674,brcities5507,disperso,range,3,132,8,312
5ede674,brcities5507,disperso,range,3,133,0,312
5ede674,brcities5507,disperso,range,3,134,2,314
5ede674,brcities5507,disperso,range,3,135,6,320
5ede674,brcities5507,disperso,range,3,136,1,321
5ede674,brcities5507,disperso,range,3,137,0,321
5ede674,brcities5507,disperso,range,3,138,0,321
5ede674,brcities5507,disperso,range,3,139,2,323
5ede674,brcities5507,disperso,range,3,140,0,323
5ede674,brcities5507,disperso,range,3,141,0,323
5ede674,brcities5507,disperso,range,3,142,0,323
5ede674,brcities5507,disperso,range,3,143,0,323
5ede674,brcities5507,disperso,range,3,144,2,325
5ede674,brcities5507,disperso,range,3,145,8,333
5ede674,brcities5507,disperso,range,3,146,0,333
5ede674,brcities5507,disperso,range,3,147,0,333
5ede674,brcities5507,disperso,range,3,148,0,333
5ede674,brcities5507,disperso,range,3,149,8,341
5ede674,brcities5507,disperso,range,3,150,8,349
5ede674,brcities5507,disperso,range,3,151,8,357
5ede674,brcities5507,disperso,range,3,152,8,365
5ede674,brcities5507,disperso,range,3,153,0,365
5ede674,brcities5507,disperso,range,3,154,0,365
5ede674,brcities5507,disperso,range,3,155,8,373
5ede674,brcities5507,disperso,range,3,156,8,381
5ede674,brcities5507,disperso,range,3,157,4,385
5ede674,brcities5507,disperso,range,3,158,6,391
5ede674,brcities5507,disperso,range,3,159,8,399
5ede674,brcities5507,disperso,range,3,160,4,403
5ede674,brcities5507,disperso,range,3,161,0,403
5ede674,brcities5507,disperso,range,3,162,1,404
5ede674,brcities5507,disperso,range,3,163,8,412
5ede674,brcities5507,disperso,range,3,164,0,412
5ede674,brcities5507,disperso,range,3,165,8,420
5ede674,brcities5507,disperso,range,3,166,0,420
5ede674,brcities5507,disperso,range,3,167,3,423
5ede674,brcities5507,disperso,range,3,168,0,423
5ede674,brcities5507,disperso,range,3,169,2,425
5ede674,brcities5507,disperso,range,3,170,0,425
5ede674,brcities5507,disperso,range,3,171,1,426
5ede674,brcities5507,disperso,range,3,172,1,427
5ede674,brcities5507,disperso,range,3,173,0,427
5ede674,brcities5507,disperso,range,3,174,1,428
5ede674,brcities5507,disperso,range,3,175,1,429
5ede674,brcities5507,disperso,range,3,176,0,429
5ede674,brcities5507,disperso,range,3,177,0,429
5ede674,brcities5507,disperso,range,3,178,0,429
5ede674,brcities5507,disperso,range,3,179,0,429
5ede674,brcities5507,disperso,range,3,180,0,429
5ede674,brcities5507,disperso,range,3,181,0,429
5ede674,brcities5507,disperso,range,3,182,0,429
5ede674,brcities5507,disperso,range,3,183,0,429
5ede674,brcities5507,disperso,range,3,184,0,429
5ede674,brcities5507,disperso,range,3,185,0,429
5ede674,brcities5507,disperso,range,3,186,0,429
5ede674,brcities5507,disperso,range,3,187,8,437
5ede674,brcities5507,disperso,range,3,188,1,438
5ede674,brcities5507,disperso,range,3,189,0,438
5ede674,brcities5507,disperso,range,3,190,0,438
5ede674,brcities5507,disperso,range,3,191,8,446
5ede674,brcities5507,disperso,range,3,192,0,446
5ede674,brcities5507,disperso,range,3,193,0,446
5ede674,brcities5507,disperso,range,3,194,0,446
5ede674,brcities5507,disperso,range,3,195,0,446
5ede674,brcities5507,disperso,range,3,196,0,446
5ede674,brcities5507,disperso,range,3,197,0,446
5ede674,brcities5507,disperso,range,3,198,0,446
5ede674,brcities5507,disperso,range,3,199,0,446
5ede674,brcities5507,uniforme,knn,3,0,8,8
5ede674,brcities5507,uniforme,knn,3,1,8,16
5ede674,brcities5507,uniforme,knn,3,2,8,24
5ede674,brcities5507,uniforme,knn,3,3,8,32
5ede674,brcities5507,uniforme,knn,3,4,8,40
5ede674,brcities5507,uniforme,knn,3,5,8,48
5ede674,brcities5507,uniforme,knn,3,6,8,56
5ede674,brcities5507,uniforme,knn,3,7,8,64
5ede674,brcities5507,uniforme,knn,3,8,8,72
5ede674,brcities5507,uniforme,knn,3,9,8,80
5ede674,brcities5507,uniforme,knn,3,10,8,88
5ede674,brcities5507,uniforme,knn,3,11,8,96
5ede674,brcities5507,uniforme,knn,3,12,8,104
5ede674,brcities5507,uniforme,knn,3,13,8,112
5ede674,brcities5507,uniforme,knn,3,14,8,120
5ede674,brcities5507,uniforme,knn,3,15,8,128
5ede674,brcities5507,uniforme,knn,3,16,8,136
5ede674,brcities5507,uniforme,knn,3,17,8,144
5ede674,brcities5507,uniforme,knn,3,18,8,152
5ede674,brcities5507,uniforme,knn,3,19,8,160
5ede674,brcities5507,uniforme,knn,3,20,8,168
5ede674,brcities5507,uniforme,knn,3,21,7,175
5ede674,brcities5507,uniforme,knn,3,22,8,183
5ede674,brcities5507,uniforme,knn,3,23,8,191
5ede674,brcities5507,uniforme,knn,3,24,8,199
5ede674,brcities5507,uniforme,knn,3,25,8,207
5ede674,brcities5507,uniforme,knn,3,26,8,215
5ede674,brcities5507,uniforme,knn,3,27,8,223
5ede674,brcities5507,uniforme,knn,3,28,8,231
5ede674,brcities5507,uniforme,knn,3,29,8,239
5ede674,brcities5507,uniforme,knn,3,30,8,247
5ede674,brcities5507,uniforme,knn,3,31,8,255
5ede674,brcities5507,uniforme,knn,3,32,8,263
5ede674,brcities5507,uniforme,knn,3,33,8,271
5ede674,brcities5507,uniforme,knn,3,34,8,279
5ede674,brcities5507,uniforme,knn,3,35,8,287
5ede674,brcities5507,uniforme,knn,3,36,8,295
5ede674,brcities5507,uniforme,knn,3,37,8,303
5ede674,brcities5507,uniforme,knn,3,38,8,311
5ede674,brcities5507,uniforme,knn,3,39,8,319
5ede674,brcities5507,uniforme,knn,3,40,1,320
5ede674,brcities5507,uniforme,knn,3,41,0,320
5ede674,brcities5507,uniforme,knn,3,42,8,328
5ede674,brcities5507,uniforme,knn,3,43,8,336
5ede674,brcities5507,uniforme,knn,3,44,8,344
5ede674,brcities5507,uniforme,knn,3,45,8,352
5ede674,brcities5507,uniforme,knn,3,46,8,360
5ede674,brcities5507,uniforme,knn,3,47,8,368
5ede674,brcities5507,uniforme,knn,3,48,8,376
5ede674,brcities5507,uniforme,knn,3,49,8,384
5ede674,brcities5507,uniforme,knn,3,50,8,392
5ede674,brcities5507,uniforme,knn,3,51,8,400
5ede674,brcities5507,uniforme,knn,3,52,8,408
5ede674,brcities5507,uniforme,knn,3,53,8,416
5ede674,brcities5507,uniforme,knn,3,54,8,424
5ede674,brcities5507,uniforme,knn,3,55,8,432
5ede674,brcities5507,uniforme,knn,3,56,2,434
5ede674,brcities5507,uniforme,knn,3,57,8,442
5ede674,brcities5507,uniforme,knn,3,58,8,450
5ede674,brcities5507,uniforme,knn,3,59,8,458
5ede674,brcities5507,uniforme,knn,3,60,8,466
5ede674,brcities5507,uniforme,knn,3,61,8,474
5ede674,brcities5507,uniforme,knn,3,62,8,482
5ede674,brcities5507,uniforme,knn,3,63,8,490
5ede674,brcities5507,uniforme,knn,3,64,8,498
5ede674,brcities5507,uniforme,knn,3,65,8,506
5ede674,brcities5507,uniforme,knn,3,66,8,514
5ede674,brcities5507,uniforme,knn,3,67,8,522
5ede674,brcities5507,uniforme,knn,3,68,8,530
5ede674,brcities5507,uniforme,knn,3,69,8,538
5ede674,brcities5507,uniforme,knn,3,70,8,546
5ede674,brcities5507,uniforme,knn,3,71,8,554
5ede674,brcities5507,uniforme,knn,3,72,8,562
5ede674,brcities5507,uniforme,knn,3,73,8,570
5ede674,brcities5507,uniforme,knn,3,74,8,578
5ede674,brcities5507,uniforme,knn,3,75,8,586
5ede674,brcities5507,uniforme,knn,3,76,8,594
5ede674,brcities5507,uniforme,knn,3,77,8,602
5ede674,brcities5507,uniforme,knn,3,78,8,610
5ede674,brcities5507,uniforme,knn,3,79,8,618
5ede674,brcities5507,uniforme,knn,3,80,8,626
5ede674,brcities5507,uniforme,knn,3,81,8,634
5ede674,brcities5507,uniforme,knn,3,82,8,642
5ede674,brcities5507,uniforme,knn,3,83,8,650
5ede674,brcities5507,uniforme,knn,3,84,8,658
5ede674,brcities5507,uniforme,knn,3,85,8,666
5ede674,brcities5507,uniforme,knn,3,86,8,674
5ede674,brcities5507,uniforme,knn,3,87,8,682
5ede674,brcities5507,uniforme,knn,3,88,8,690
5ede674,brcities5507,uniforme,knn,3,89,8,698
5ede674,brcities5507,uniforme,knn,3,90,8,706
5ede674,brcities5507,uniforme,knn,3,91,8,714
5ede674,brcities5507,uniforme,knn,3,92,8,722
5ede674,brcities5507,uniforme,knn,3,93,8,730
5ede674,brcities5507,uniforme,knn,3,94,8,738
5ede674,brcities5507,uniforme,knn,3,95,8,746
5ede674,brcities5507,uniforme,knn,3,96,8,754
5ede674,brcities5507,uniforme,knn,3,97,8,762
5ede674,brcities5507,uniforme,knn,3,98,8,770
5ede674,brcities5507,uniforme,knn,3,99,8,778
5ede674,brcities5507,uniforme,knn,3,100,8,786
5ede674,brcities5507,uniforme,knn,3,101,8,794
5ede674,brcities5507,uniforme,knn,3,102,8,802
5ede674,brcities5507,uniforme,knn,3,103,8,810
5ede674,brcities5507,uniforme,knn,3,104,8,818
5ede674,brcities5507,uniforme,knn,3,105,8,826
5ede674,brcities5507,uniforme,knn,3,106,8,834
5ede674,brcities5507,uniforme,knn,3,107,0,834
5ede674,brcities5507,uniforme,knn,3,108,8,842
5ede674,brcities5507,uniforme,knn,3,109,8,850
5ede674,brcities5507,uniforme,knn,3,110,8,858
5ede674,brcities5507,uniforme,knn,3,111,8,866
5ede674,brcities5507,uniforme,knn,3,112,8,874
5ede674,brcities5507,uniforme,knn,3,113,8,882
5ede674,brcities5507,uniforme,knn,3,114,8,890
5ede674,brcities5507,uniforme,knn,3,115,8,898
5ede674,brcities5507,uniforme,knn,3,116,8,906
5ede674,brcities5507,uniforme,knn,3,117,8,914
5ede674,brcities5507,uniforme,knn,3,118,8,922
5ede674,brcities5507,uniforme,knn,3,119,8,930
5ede674,brcities5507,uniforme,knn,3,120,8,938
5ede674,brcities5507,uniforme,knn,3,121,8,946
5ede674,brcities5507,uniforme,knn,3,122,8,954
5ede674,brcities5507,uniforme,knn,3,123,8,962
5ede674,brcities5507,uniforme,knn,3,124,6,968
5ede674,brcities5507,uniforme,knn,3,125,8,976
5ede674,brcities5507,uniforme,knn,3,126,8,984
5ede674,brcities5507,uniforme,knn,3,127,0,984
5ede674,brcities5507,uniforme,knn,3,128,8,992
5ede674,brcities5507,uniforme,knn,3,129,8,1000
5ede674,brcities5507,uniforme,knn,3,130,8,1008
5ede674,brcities5507,uniforme,knn,3,131,8,1016
5ede674,brcities5507,uniforme,knn,3,132,8,1024
5ede674,brcities5507,uniforme,knn,3,133,8,1032
5ede674,brcities5507,uniforme,knn,3,134,0,1032
5ede674,brcities5507,uniforme,knn,3,135,8,1040
5ede674,brcities5507,uniforme,knn,3,136,8,1048
5ede674,brcities5507,uniforme,knn,3,137,8,1056
5ede674,brcities5507,uniforme,knn,3,138,8,1064
5ede674,brcities5507,uniforme,knn,3,139,8,1072
5ede674,brcities5507,uniforme,knn,3,140,8,1080
5ede674,brcities5507,uniforme,knn,3,141,8,1088
5ede674,brcities5507,uniforme,knn,3,142,8,1096
5ede674,brcities5507,uniforme,knn,3,143,8,1104
5ede674,brcities5507,uniforme,knn,3,144,8,1112
5ede674,brcities5507,uniforme,knn,3,145,8,1120
5ede674,brcities5507,uniforme,knn,3,146,8,1128
5ede674,brcities5507,uniforme,knn,3,147,8,1136
5ede674,brcities5507,uniforme,knn,3,148,8,1144
5ede674,brcities5507,uniforme,knn,3,149,8,1152
5ede674,brcities5507,uniforme,knn,3,150,8,1160
5ede674,brcities5507,uniforme,knn,3,151,8,1168
5ede674,brcities5507,uniforme,knn,3,152,8,1176
5ede674,brcities5507,uniforme,knn,3,153,8,1184
5ede674,brcities5507,uniforme,knn,3,154,8,1192
5ede674,brcities5507,uniforme,knn,3,155,8,1200
5ede674,brcities5507,uniforme,knn,3,156,8,1208
5ede674,brcities5507,uniforme,knn,3,157,8,1216
5ede674,brcities5507,uniforme,knn,3,158,8,1224
5ede674,brcities5507,uniforme,knn,3,159,8,1232
5ede674,brcities5507,uniforme,knn,3,160,8,1240
5ede674,brcities5507,uniforme,knn,3,161,8,1248
5ede674,brcities5507,uniforme,knn,3,162,8,1256
5ede674,brcities5507,uniforme,knn,3,163,8,1264
5ede674,brcities5507,uniforme,knn,3,164,0,1264
5ede674,brcities5507,uniforme,knn,3,165,8,1272
5ede674,brcities5507,uniforme,knn,3,166,8,1280
5ede674,brcities5507,uniforme,knn,3,167,8,1288
5ede674,brcities5507,uniforme,knn,3,168,8,1296
5ede674,brcities5507,uniforme,knn,3,169,8,1304
5ede674,brcities5507,uniforme,knn,3,170,8,1312
5ede674,brcities5507,uniforme,knn,3,171,8,1320
5ede674,brcities5507,uniforme,knn,3,172,8,1328
5ede674,brcities5507,uniforme,knn,3,173,0,1328
5ede674,brcities5507,uniforme,knn,3,174,8,1336
5ede674,brcities5507,uniforme,knn,3,175,8,1344
5ede674,brcities5507,uniforme,knn,3,176,8,1352
5ede674,brcities5507,uniforme,knn,3,177,8,1360
5ede674,brcities5507,uniforme,knn,3,178,0,1360
5ede674,brcities5507,uniforme,knn,3,179,8,1368
5ede674,brcities5507,uniforme,knn,3,180,8,1376
5ede674,brcities5507,uniforme,knn,3,181,8,1384
5ede674,brcities5507,uniforme,knn,3,182,8,1392
5ede674,brcities5507,uniforme,knn,3,183,8,1400
5ede674,brcities5507,uniforme,knn,3,184,8,1408
5ede674,brcities5507,uniforme,knn,3,185,8,1416
5ede674,brcities5507,uniforme,knn,3,186,8,1424
5ede674,brcities5507,uniforme,knn,3,187,6,1430
5ede674,brcities5507,uniforme,knn,3,188,8,1438
5ede674,brcities5507,uniforme,knn,3,189,2,1440
5ede674,brcities5507,uniforme,knn,3,190,2,1442
5ede674,brcities5507,uniforme,knn,3,191,8,1450
5ede674,brcities5507,uniforme,knn,3,192,8,1458
5ede674,brcities5507,uniforme,knn,3,193,7,1465
5ede674,brcities5507,uniforme,knn,3,194,8,1473
5ede674,brcities5507,uniforme,knn,3,195,8,1481
5ede674,brcities5507,uniforme,knn,3,196,0,1481
5ede674,brcities5507,uniforme,knn,3,197,8,1489
5ede674,brcities5507,uniforme,knn,3,198,8,1497
5ede674,brcities5507,uniforme,knn,3,199,8,1505
5ede674,brcities5507,uniforme,range,3,0,8,8
5ede674,brcities5507,uniforme,range,3,1,8,16
5ede674,brcities5507,uniforme,range,3,2,8,24
5ede674,brcities5507,uniforme,range,3,3,8,32
5ede674,brcities5507,uniforme,range,3,4,8,40
5ede674,brcities5507,uniforme,range,3,5,8,48
5ede674,brcities5507,uniforme,range,3,6,8,56
5ede674,brcities5507,uniforme,range,3,7,1,57
5ede674,brcities5507,uniforme,range,3,8,8,65
5ede674,brcities5507,uniforme,range,3,9,8,73
5ede674,brcities5507,uniforme,range,3,10,8,81
5ede674,brcities5507,uniforme,range,3,11,8,89
5ede674,brcities5507,uniforme,range,3,12,8,97
5ede674,brcities5507,uniforme,range,3,13,8,105
5ede674,brcities5507,uniforme,range,3,14,8,113
5ede674,brcities5507,uniforme,range,3,15,8,121
5ede674,brcities5507,uniforme,range,3,16,8,129
5ede674,brcities5507,uniforme,range,3,17,8,137
5ede674,brcities5507,uniforme,range,3,18,8,145
5ede674,brcities5507,uniforme,range,3,19,8,153
5ede674,brcities5507,uniforme,range,3,20,8,161
5ede674,brcities5507,uniforme,range,3,21,0,161
5ede674,brcities5507,uniforme,range,3,22,8,169
5ede674,brcities5507,uniforme,range,3,23,8,177
5ede674,brcities5507,uniforme,range,3,24,8,185
5ede674,brcities5507,uniforme,range,3,25,8,193
5ede674,brcities5507,uniforme,range,3,26,8,201
5ede674,brcities5507,uniforme,range,3,27,8,209
5ede674,brcities5507,uniforme,range,3,28,8,217
5ede674,brcities5507,uniforme,range,3,29,8,225
5ede674,brcities5507,uniforme,range,3,30,8,233
5ede674,brcities5507,uniforme,range,3,31,8,241
5ede674,brcities5507,uniforme,range,3,32,8,249
5ede674,brcities5507,uniforme,range,3,33,8,257
5ede674,brcities5507,uniforme,range,3,34,8,265
5ede674,brcities5507,uniforme,range,3,35,8,273
5ede674,brcities5507,uniforme,range,3,36,8,281
5ede674,brcities5507,uniforme,range,3,37,8,289
5ede674,brcities5507,uniforme,range,3,38,8,297
5ede674,brcities5507,uniforme,range,3,39,8,305
5ede674,brcities5507,uniforme,range,3,40,0,305
5ede674,brcities5507,uniforme,range,3,41,0,305
5ede674,brcities5507,uniforme,range,3,42,8,313
5ede674,brcities5507,uniforme,range,3,43,8,321
5ede674,brcities5507,uniforme,range,3,44,7,328
5ede674,brcities5507,uniforme,range,3,45,8,336
5ede674,brcities5507,uniforme,range,3,46,8,344
5ede674,brcities5507,uniforme,range,3,47,8,352
5ede674,brcities5507,uniforme,range,3,48,8,360
5ede674,brcities5507,uniforme,range,3,49,8,368
5ede674,brcities5507,uniforme,range,3,50,8,376
5ede674,brcities5507,uniforme,range,3,51,8,384
5ede674,brcities5507,uniforme,range,3,52,8,392
5ede674,brcities5507,uniforme,range,3,53,8,400
5ede674,brcities5507,uniforme,range,3,54,8,408
5ede674,brcities5507,uniforme,range,3,55,8,416
5ede674,brcities5507,uniforme,range,3,56,8,424
5ede674,brcities5507,uniforme,range,3,57,8,432
5ede674,brcities5507,uniforme,range,3,58,8,440
5ede674,brcities5507,uniforme,range,3,59,0,440
5ede674,brcities5507,uniforme,range,3,60,8,448
5ede674,brcities5507,uniforme,range,3,61,8,456
5ede674,brcities5507,uniforme,range,3,62,8,464
5ede674,brcities5507,uniforme,range,3,63,8,472
5ede674,brcities5507,uniforme,range,3,64,8,480
5ede674,brcities5507,uniforme,range,3,65,8,488
5ede674,brcities5507,uniforme,range,3,66,8,496
5ede674,brcities5507,uniforme,range,3,67,8,504
5ede674,brcities5507,uniforme,range,3,68,8,512
5ede674,brcities5507,uniforme,range,3,69,8,520
5ede674,brcities5507,uniforme,range,3,70,8,528
5ede674,brcities5507,uniforme,range,3,71,8,536
5ede674,brcities5507,uniforme,range,3,72,8,544
5ede674,brcities5507,uniforme,range,3,73,8,552
5ede674,brcities5507,uniforme,range,3,74,8,560
5ede674,brcities5507,uniforme,range,3,75,8,568
5ede674,brcities5507,uniforme,range,3,76,8,576
5ede674,brcities5507,uniforme,range,3,77,8,584
5ede674,brcities5507,uniforme,range,3,78,8,592
5ede674,brcities5507,uniforme,range,3,79,8,600
5ede674,brcities5507,uniforme,range,3,80,8,608
5ede674,brcities5507,uniforme,range,3,81,8,616
5ede674,brcities5507,uniforme,range,3,82,8,624
5ede674,brcities5507,uniforme,range,3,83,8,632
5ede674,brcities5507,uniforme,range,3,84,8,640
5ede674,brcities5507,uniforme,range,3,85,8,648
5ede674,brcities5507,uniforme,range,3,86,8,656
5ede674,brcities5507,uniforme,range,3,87,8,664
5ede674,brcities5507,uniforme,range,3,88,8,672
5ede674,brcities5507,uniforme,range,3,89,8,680
5ede674,brcities5507,uniforme,range,3,90,8,688
5ede674,brcities5507,uniforme,range,3,91,8,696
5ede674,brcities5507,uniforme,range,3,92,8,704
5ede674,brcities5507,uniforme,range,3,93,8,712
5ede674,brcities5507,uniforme,range,3,94,8,720
5ede674,brcities5507,uniforme,range,3,95,8,728
5ede674,brcities5507,uniforme,range,3,96,8,736
5ede674,brcities5507,uniforme,range,3,97,8,744
5ede674,brcities5507,uniforme,range,3,98,8,752
5ede674,brcities5507,uniforme,range,3,99,8,760
5ede674,brcities5507,uniforme,range,3,100,8,768
5ede674,brcities5507,uniforme,range,3,101,8,776
5ede674,brcities5507,uniforme,range,3,102,8,784
5ede674,brcities5507,uniforme,range,3,103,8,792
5ede674,brcities5507,uniforme,range,3,104,8,800
5ede674,brcities5507,uniforme,range,3,105,8,808
5ede674,brcities5507,uniforme,range,3,106,8,816
5ede674,brcities5507,uniforme,range,3,107,1,817
5ede674,brcities5507,uniforme,range,3,108,8,825
5ede674,brcities5507,uniforme,range,3,109,8,833
5ede674,brcities5507,uniforme,range,3,110,8,841
5ede674,brcities5507,uniforme,range,3,111,7,848
5ede674,brcities5507,uniforme,range,3,112,8,856
5ede674,brcities5507,uniforme,range,3,113,8,864
5ede674,brcities5507,uniforme,range,3,114,8,872
5ede674,brcities5507,uniforme,range,3,115,8,880
5ede674,brcities5507,uniforme,range,3,116,8,888
5ede674,brcities5507,uniforme,range,3,117,8,896
5ede674,brcities5507,uniforme,range,3,118,8,904
5ede674,brcities5507,uniforme,range,3,119,8,912
5ede674,brcities5507,uniforme,range,3,120,8,920
5ede674,brcities5507,uniforme,range,3,121,8,928
5ede674,brcities5507,uniforme,range,3,122,4,932
5ede674,brcities5507,uniforme,range,3,123,8,940
5ede674,brcities5507,uniforme,range,3,124,8,948
5ede674,brcities5507,uniforme,range,3,125,8,956
5ede674,brcities5507,uniforme,range,3,126,8,964
5ede674,brcities5507,uniforme,range,3,127,0,964
5ede674,brcities5507,uniforme,range,3,128,8,972
5ede674,brcities5507,uniforme,range,3,129,8,980
5ede674,brcities5507,uniforme,range,3,130,8,988
5ede674,brcities5507,uniforme,range,3,131,8,996
5ede674,brcities5507,uniforme,range,3,132,8,1004
5ede674,brcities5507,uniforme,range,3,133,8,1012
5ede674,brcities5507,uniforme,range,3,134,0,1012
5ede674,brcities5507,uniforme,range,3,135,8,1020
5ede674,brcities5507,uniforme,range,3,136,8,1028
5ede674,brcities5507,uniforme,range,3,137,8,1036
5ede674,brcities5507,uniforme,range,3,138,8,1044
5ede674,brcities5507,uniforme,range,3,139,8,1052
5ede674,brcities5507,uniforme,range,3,140,8,1060
5ede674,brcities5507,uniforme,range,3,141,6,1066
5ede674,brcities5507,uniforme,range,3,142,8,1074
5ede674,brcities5507,uniforme,range,3,143,8,1082
5ede674,brcities5507,uniforme,range,3,144,8,1090
5ede674,brcities5507,uniforme,range,3,145,8,1098
5ede674,brcities5507,uniforme,range,3,146,8,1106
5ede674,brcities5507,uniforme,range,3,147,8,1114
5ede674,brcities5507,uniforme,range,3,148,8,1122
5ede674,brcities5507,uniforme,range,3,149,8,1130
5ede674,brcities5507,uniforme,range,3,150,8,1138
5ede674,brcities5507,uniforme,range,3,151,8,1146
5ede674,brcities5507,uniforme,range,3,152,0,1146
5ede674,brcities5507,uniforme,range,3,153,8,1154
5ede674,brcities5507,uniforme,range,3,154,8,1162
5ede674,brcities5507,uniforme,range,3,155,8,1170
5ede674,brcities5507,uniforme,range,3,156,8,1178
5ede674,brcities5507,uniforme,range,3,157,8,1186
5ede674,brcities5507,uniforme,range,3,158,8,1194
5ede674,brcities5507,uniforme,range,3,159,8,1202
5ede674,brcities5507,uniforme,range,3,160,8,1210
5ede674,brcities5507,uniforme,range,3,161,8,1218
5ede674,brcities5507,uniforme,range,3,162,8,1226
5ede674,brcities5507,uniforme,range,3,163,8,1234
5ede674,brcities5507,uniforme,range,3,164,0,1234
5ede674,brcities5507,uniforme,range,3,165,8,1242
5ede674,brcities5507,uniforme,range,3,166,8,1250
5ede674,brcities5507,uniforme,range,3,167,8,1258
5ede674,brcities5507,uniforme,range,3,168,8,1266
5ede674,brcities5507,uniforme,range,3,169,8,1274
5ede674,brcities5507,uniforme,range,3,170,8,1282
5ede674,brcities5507,uniforme,range,3,171,8,1290
5ede674,brcities5507,uniforme,range,3,172,8,1298
5ede674,brcities5507,uniforme,range,3,173,6,1304
5ede674,brcities5507,uniforme,range,3,174,8,1312
5ede674,brcities5507,uniforme,range,3,175,8,1320
5ede674,brcities5507,uniforme,range,3,176,8,1328
5ede674,brcities5507,uniforme,range,3,177,8,1336
5ede674,brcities5507,uniforme,range,3,178,0,1336
5ede674,brcities5507,uniforme,range,3,179,8,1344
5ede674,brcities5507,uniforme,range,3,180,8,1352
5ede674,brcities5507,uniforme,range,3,181,8,1360
5ede674,brcities5507,uniforme,range,3,182,8,1368
5ede674,brcities5507,uniforme,range,3,183,8,1376
5ede674,brcities5507,uniforme,range,3,184,8,1384
5ede674,brcities5507,uniforme,range,3,185,8,1392
5ede674,brcities5507,uniforme,range,3,186,8,1400
5ede674,brcities5507,uniforme,range,3,187,8,1408
5ede674,brcities5507,uniforme,range,3,188,8,1416
5ede674,brcities5507,uniforme,range,3,189,7,1423
5ede674,brcities5507,uniforme,range,3,190,8,1431
5ede674,brcities5507,uniforme,range,3,191,8,1439
5ede674,brcities5507,uniforme,range,3,192,8,1447
5ede674,brcities5507,uniforme,range,3,193,8,1455
5ede674,brcities5507,uniforme,range,3,194,8,1463
5ede674,brcities5507,uniforme,range,3,195,8,1471
5ede674,brcities5507,uniforme,range,3,196,0,1471
5ede674,brcities5507,uniforme,range,3,197,8,1479
5ede674,brcities5507,uniforme,range,3,198,8,1487
5ede674,brcities5507,uniforme,range,3,199,8,1495
5ede674,brcities5507,disperso,knn,4,0,8,8
5ede674,brcities5507,disperso,knn,4,1,8,16
5ede674,brcities5507,disperso,knn,4,2,8,24
5ede674,brcities5507,disperso,knn,4,3,8,32
5ede674,brcities5507,disperso,knn,4,4,8,40
5ede674,brcities5507,disperso,knn,4,5,8,48
5ede674,brcities5507,disperso,knn,4,6,8,56
5ede674,brcities5507,disperso,knn,4,7,8,64
5ede674,brcities5507,disperso,knn,4,8,3,67
5ede674,brcities5507,disperso,knn,4,9,2,69
5ede674,brcities5507,disperso,knn,4,10,6,75
5ede674,brcities5507,disperso,knn,4,11,8,83
5ede674,brcities5507,disperso,knn,4,12,7,90
5ede674,brcities5507,disperso,knn,4,13,0,90
5ede674,brcities5507,disperso,knn,4,14,7,97
5ede674,brcities5507,disperso,knn,4,15,7,104
5ede674,brcities5507,disperso,knn,4,16,0,104
5ede674,brcities5507,disperso,knn,4,17,8,112
5ede674,brcities5507,disperso,knn,4,18,8,120
5ede674,brcities5507,disperso,knn,4,19,8,128
5ede674,brcities5507,disperso,knn,4,20,8,136
5ede674,brcities5507,disperso,knn,4,21,8,144
5ede674,brcities5507,disperso,knn,4,22,8,152
5ede674,brcities5507,disperso,knn,4,23,8,160
5ede674,brcities5507,disperso,knn,4,24,8,168
5ede674,brcities5507,disperso,knn,4,25,8,176
5ede674,brcities5507,disperso,knn,4,26,8,184
5ede674,brcities5507,disperso,knn,4,27,0,184
5ede674,brcities5507,disperso,knn,4,28,3,187
5ede674,brcities5507,disperso,knn,4,29,0,187
5ede674,brcities5507,disperso,knn,4,30,0,187
5ede674,brcities5507,disperso,knn,4,31,0,187
5ede674,brcities5507,disperso,knn,4,32,7,194
5ede674,brcities5507,disperso,knn,4,33,0,194
5ede674,brcities5507,disperso,knn,4,34,5,199
5ede674,brcities5507,disperso,knn,4,35,8,207
5ede674,brcities5507,disperso,knn,4,36,8,215
5ede674,brcities5507,disperso,knn,4,37,7,222
5ede674,brcities5507,disperso,knn,4,38,0,222
5ede674,brcities5507,disperso,knn,4,39,8,230
5ede674,brcities5507,disperso,knn,4,40,6,236
5ede674,brcities5507,disperso,knn,4,41,0,236
5ede674,brcities5507,disperso,knn,4,42,8,244
5ede674,brcities5507,disperso,knn,4,43,0,244
5ede674,brcities5507,disperso,knn,4,44,0,244
5ede674,brcities5507,disperso,knn,4,45,8,252
5ede674,brcities5507,disperso,knn,4,46,0,252
5ede674,brcities5507,disperso,knn,4,47,8,260
5ede674,brcities5507,disperso,knn,4,48,0,260
5ede674,brcities5507,disperso,knn,4,49,3,263
5ede674,brcities5507,disperso,knn,4,50,0,263
5ede674,brcities5507,disperso,knn,4,51,0,263
5ede674,brcities5507,disperso,knn,4,52,0,263
5ede674,brcities5507,disperso,knn,4,53,0,263
5ede674,brcities5507,disperso,knn,4,54,0,263
5ede674,brcities5507,disperso,knn,4,55,0,263
5ede674,brcities5507,disperso,knn,4,56,1,264
5ede674,brcities5507,disperso,knn,4,57,0,264
5ede674,brcities5507,disperso,knn,4,58,0,264
5ede674,brcities5507,disperso,knn,4,59,0,264
5ede674,brcities5507,disperso,knn,4,60,0,264
5ede674,brcities5507,disperso,knn,4,61,0,264
5ede674,brcities5507,disperso,knn,4,62,0,264
5ede674,brcities5507,disperso,knn,4,63,0,264
5ede674,brcities5507,disperso,knn,4,64,0,264
5ede674,brcities5507,disperso,knn,4,65,0,264
5ede674,brcities5507,disperso,knn,4,66,0,264
5ede674,brcities5507,disperso,knn,4,67,0,264
5ede674,brcities5507,disperso,knn,4,68,4,268
5ede674,brcities5507,disperso,knn,4,69,0,268
5ede674,brcities5507,disperso,knn,4,70,0,268
5ede674,brcities5507,disperso,knn,4,71,8,276
5ede674,brcities5507,disperso,knn,4,72,2,278
5ede674,brcities5507,disperso,knn,4,73,0,278
5ede674,brcities5507,disperso,knn,4,74,0,278
5ede674,brcities5507,disperso,knn,4,75,2,280
5ede674,brcities5507,disperso,knn,4,76,0,280
5ede674,brcities5507,disperso,knn,4,77,1,281
5ede674,brcities5507,disperso,knn,4,78,0,281
5ede674,brcities5507,disperso,knn,4,79,8,289
5ede674,brcities5507,disperso,knn,4,80,0,289
5ede674,brcities5507,disperso,knn,4,81,0,289
5ede674,brcities5507,disperso,knn,4,82,1,290
5ede674,brcities5507,disperso,knn,4,83,0,290
5ede674,brcities5507,disperso,knn,4,84,0,290
5ede674,brcities5507,disperso,knn,4,85,0,290
5ede674,brcities5507,disperso,knn,4,86,3,293
5ede674,brcities5507,disperso,knn,4,87,1,294
5ede674,brcities5507,disperso,knn,4,88,0,294
5ede674,brcities5507,disperso,knn,4,89,0,294
5ede674,brcities5507,disperso,knn,4,90,1,295
5ede674,brcities5507,disperso,knn,4,91,1,296
5ede674,brcities5507,disperso,knn,4,92,0,296
5ede674,brcities5507,disperso,knn,4,93,0,296
5ede674,brcities5507,disperso,knn,4,94,0,296
5ede674,brcities5507,disperso,knn,4,95,1,297
5ede674,brcities5507,disperso,knn,4,96,0,297
5ede674,brcities5507,disperso,knn,4,97,0,297
5ede674,brcities5507,disperso,knn,4,98,0,297
5ede674,brcities5507,disperso,knn,4,99,0,297
5ede674,brcities5507,disperso,knn,4,100,8,305
5ede674,brcities5507,disperso,knn,4,101,8,313
5ede674,brcities5507,disperso,knn,4,102,4,317
5ede674,brcities5507,disperso,knn,4,103,0,317
5ede674,brcities5507,disperso,knn,4,104,0,317
5ede674,brcities5507,disperso,knn,4,105,0,317
5ede674,brcities5507,disperso,knn,4,106,0,317
5ede674,brcities5507,disperso,knn,4,107,0,317
5ede674,brcities5507,disperso,knn,4,108,3,320
5ede674,brcities5507,disperso,knn,4,109,1,321
5ede674,brcities5507,disperso,knn,4,110,0,321
5ede674,brcities5507,disperso,knn,4,111,8,329
5ede674,brcities5507,disperso,knn,4,112,3,332
5ede674,brcities5507,disperso,knn,4,113,4,336
5ede674,brcities5507,disperso,knn,4,114,8,344
5ede674,brcities5507,disperso,knn,4,115,3,347
5ede674,brcities5507,disperso,knn,4,116,3,350
5ede674,brcities5507,disperso,knn,4,117,0,350
5ede674,brcities5507,disperso,knn,4,118,0,350
5ede674,brcities5507,disperso,knn,4,119,8,358
5ede674,brcities5507,disperso,knn,4,120,7,365
5ede674,brcities5507,disperso,knn,4,121,8,373
5ede674,brcities5507,disperso,knn,4,122,1,374
5ede674,brcities5507,disperso,knn,4,123,1,375
5ede674,brcities5507,disperso,knn,4,124,8,383
5ede674,brcities5507,disperso,knn,4,125,8,391
5ede674,brcities5507,disperso,knn,4,126,8,399
5ede674,brcities5507,disperso,knn,4,127,8,407
5ede674,brcities5507,disperso,knn,4,128,8,415
5ede674,brcities5507,disperso,knn,4,129,0,415
5ede674,brcities5507,disperso,knn,4,130,0,415
5ede674,brcities5507,disperso,knn,4,131,0,415
5ede674,brcities5507,disperso,knn,4,132,3,418
5ede674,brcities5507,disperso,knn,4,133,0,418
5ede674,brcities5507,disperso,knn,4,134,2,420
5ede674,brcities5507,disperso,knn,4,135,6,426
5ede674,brcities5507,disperso,knn,4,136,1,427
5ede674,brcities5507,disperso,knn,4,137,2,429
5ede674,brcities5507,disperso,knn,4,138,0,429
5ede674,brcities5507,disperso,knn,4,139,0,429
5ede674,brcities5507,disperso,knn,4,140,3,432
5ede674,brcities5507,disperso,knn,4,141,0,432
5ede674,brcities5507,disperso,knn,4,142,0,432
5ede674,brcities5507,disperso,knn,4,143,0,432
5ede674,brcities5507,disperso,knn,4,144,2,434
5ede674,brcities5507,disperso,knn,4,145,8,442
5ede674,brcities5507,disperso,knn,4,146,6,448
5ede674,brcities5507,disperso,knn,4,147,0,448
5ede674,brcities5507,disperso,knn,4,148,2,450
5ede674,brcities5507,disperso,knn,4,149,8,458
5ede674,brcities5507,disperso,knn,4,150,8,466
5ede674,brcities5507,disperso,knn,4,151,8,474
5ede674,brcities5507,disperso,knn,4,152,8,482
5ede674,brcities5507,disperso,knn,4,153,6,488
5ede674,brcities5507,disperso,knn,4,154,0,488
5ede674,brcities5507,disperso,knn,4,155,8,496
5ede674,brcities5507,disperso,knn,4,156,2,498
5ede674,brcities5507,disperso,knn,4,157,0,498
5ede674,brcities5507,disperso,knn,4,158,0,498
5ede674,brcities5507,disperso,knn,4,159,8,506
5ede674,brcities5507,disperso,knn,4,160,4,510
5ede674,brcities5507,disperso,knn,4,161,0,510
5ede674,brcities5507,disperso,knn,4,162,1,511
5ede674,brcities5507,disperso,knn,4,163,0,511
5ede674,brcities5507,disperso,knn,4,164,0,511
5ede674,brcities5507,disperso,knn,4,165,8,519
5ede674,brcities5507,disperso,knn,4,166,8,527
5ede674,brcities5507,disperso,knn,4,167,3,530
5ede674,brcities5507,disperso,knn,4,168,0,530
5ede674,brcities5507,disperso,knn,4,169,1,531
5ede674,brcities5507,disperso,knn,4,170,0,531
5ede674,brcities5507,disperso,knn,4,171,0,531
5ede674,brcities5507,disperso,knn,4,172,3,534
5ede674,brcities5507,disperso,knn,4,173,0,534
5ede674,brcities5507,disperso,knn,4,174,0,534
5ede674,brcities5507,disperso,knn,4,175,0,534
5ede674,brcities5507,disperso,knn,4,176,0,534
5ede674,brcities5507,disperso,knn,4,177,0,534
5ede674,brcities5507,disperso,knn,4,178,0,534
5ede674,brcities5507,disperso,knn,4,179,0,534
5ede674,brcities5507,disperso,knn,4,180,0,534
5ede674,brcities5507,disperso,knn,4,181,0,534
5ede674,brcities5507,disperso,knn,4,182,0,534
5ede674,brcities5507,disperso,knn,4,183,0,534
5ede674,brcities5507,disperso,knn,4,184,0,534
5ede674,brcities5507,disperso,knn,4,185,0,534
5ede674,brcities5507,disperso,knn,4,186,3,537
5ede674,brcities5507,disperso,knn,4,187,8,545
5ede674,brcities5507,disperso,knn,4,188,2,547
5ede674,brcities5507,disperso,knn,4,189,2,549
5ede674,brcities5507,disperso,knn,4,190,0,549
5ede674,brcities5507,disperso,knn,4,191,8,557
5ede674,brcities5507,disperso,knn,4,192,0,557
5ede674,brcities5507,disperso,knn,4,193,0,557
5ede674,brcities5507,disperso,knn,4,194,0,557
5ede674,brcities5507,disperso,knn,4,195,0,557
5ede674,brcities5507,disperso,knn,4,196,0,557
5ede674,brcities5507,disperso,knn,4,197,0,557
5ede674,brcities5507,disperso,knn,4,198,0,557
5ede674,brcities5507,disperso,knn,4,199,0,557
5ede674,brcities5507,disperso,range,4,0,8,8
5ede674,brcities5507,disperso,range,4,1,8,16
5ede674,brcities5507,disperso,range,4,2,8,24
5ede674,brcities5507,disperso,range,4,3,8,32
5ede674,brcities5507,disperso,range,4,4,8,40
5ede674,brcities5507,disperso,range,4,5,8,48
5ede674,brcities5507,disperso,range,4,6,8,56
5ede674,brcities5507,disperso,range,4,7,8,64
5ede674,brcities5507,disperso,range,4,8,3,67
5ede674,brcities5507,disperso,range,4,9,2,69
5ede674,brcities5507,disperso,range,4,10,3,72
5ede674,brcities5507,disperso,range,4,11,3,75
5ede674,brcities5507,disperso,range,4,12,0,75
5ede674,brcities5507,disperso,range,4,13,0,75
5ede674,brcities5507,disperso,range,4,14,0,75
5ede674,brcities5507,disperso,range,4,15,0,75
5ede674,brcities5507,disperso,range,4,16,0,75
5ede674,brcities5507,disperso,range,4,17,8,83
5ede674,brcities5507,disperso,range,4,18,8,91
5ede674,brcities5507,disperso,range,4,19,8,99
5ede674,brcities5507,disperso,range,4,20,8,107
5ede674,brcities5507,disperso,range,4,21,8,115
5ede674,brcities5507,disperso,range,4,22,8,123
5ede674,brcities5507,disperso,range,4,23,8,131
5ede674,brcities5507,disperso,range,4,24,8,139
5ede674,brcities5507,disperso,range,4,25,0,139
5ede674,brcities5507,disperso,range,4,26,1,140
5ede674,brcities5507,disperso,range,4,27,0,140
5ede674,brcities5507,disperso,range,4,28,1,141
5ede674,brcities5507,disperso,range,4,29,0,141
5ede674,brcities5507,disperso,range,4,30,0,141
5ede674,brcities5507,disperso,range,4,31,0,141
5ede674,brcities5507,disperso,range,4,32,6,147
5ede674,brcities5507,disperso,range,4,33,0,147
5ede674,brcities5507,disperso,range,4,34,5,152
5ede674,brcities5507,disperso,range,4,35,6,158
5ede674,brcities5507,disperso,range,4,36,8,166
5ede674,brcities5507,disperso,range,4,37,8,174
5ede674,brcities5507,disperso,range,4,38,8,182
5ede674,brcities5507,disperso,range,4,39,8,190
5ede674,brcities5507,disperso,range,4,40,6,196
5ede674,brcities5507,disperso,range,4,41,0,196
5ede674,brcities5507,disperso,range,4,42,8,204
5ede674,brcities5507,disperso,range,4,43,8,212
5ede674,brcities5507,disperso,range,4,44,1,213
5ede674,brcities5507,disperso,range,4,45,8,221
5ede674,brcities5507,disperso,range,4,46,0,221
5ede674,brcities5507,disperso,range,4,47,0,221
5ede674,brcities5507,disperso,range,4,48,8,229
5ede674,brcities5507,disperso,range,4,49,4,233
5ede674,brcities5507,disperso,range,4,50,0,233
5ede674,brcities5507,disperso,range,4,51,0,233
5ede674,brcities5507,disperso,range,4,52,0,233
5ede674,brcities5507,disperso,range,4,53,0,233
5ede674,brcities5507,disperso,range,4,54,0,233
5ede674,brcities5507,disperso,range,4,55,0,233
5ede674,brcities5507,disperso,range,4,56,0,233
5ede674,brcities5507,disperso,range,4,57,0,233
5ede674,brcities5507,disperso,range,4,58,0,233
5ede674,brcities5507,disperso,range,4,59,0,233
5ede674,brcities5507,disperso,range,4,60,0,233
5ede674,brcities5507,disperso,range,4,61,0,233
5ede674,brcities5507,disperso,range,4,62,0,233
5ede674,brcities5507,disperso,range,4,63,0,233
5ede674,brcities5507,disperso,range,4,64,0,233
5ede674,brcities5507,disperso,range,4,65,0,233
5ede674,brcities5507,disperso,range,4,66,1,234
5ede674,brcities5507,disperso,range,4,67,0,234
5ede674,brcities5507,disperso,range,4,68,0,234
5ede674,brcities5507,disperso,range,4,69,0,234
5ede674,brcities5507,disperso,range,4,70,0,234
5ede674,brcities5507,disperso,range,4,71,2,236
5ede674,brcities5507,disperso,range,4,72,0,236
5ede674,brcities5507,disperso,range,4,73,0,236
5ede674,brcities5507,disperso,range,4,74,0,236
5ede674,brcities5507,disperso,range,4,75,0,236
5ede674,brcities5507,disperso,range,4,76,0,236
5ede674,brcities5507,disperso,range,4,77,0,236
5ede674,brcities5507,disperso,range,4,78,0,236
5ede674,brcities5507,disperso,range,4,79,0,236
5ede674,brcities5507,disperso,range,4,80,0,236
5ede674,brcities5507,disperso,range,4,81,0,236
5ede674,brcities5507,disperso,range,4,82,0,236
5ede674,brcities5507,disperso,range,4,83,0,236
5ede674,brcities5507,disperso,range,4,84,1,237
5ede674,brcities5507,disperso,range,4,85,0,237
5ede674,brcities5507,disperso,range,4,86,0,237
5ede674,brcities5507,disperso,range,4,87,8,245
5ede674,brcities5507,disperso,range,4,88,0,245
5ede674,brcities5507,disperso,range,4,89,0,245
5ede674,brcities5507,disperso,range,4,90,1,246
5ede674,brcities5507,disperso,range,4,91,0,246
5ede674,brcities5507,disperso,range,4,92,0,246
5ede674,brcities5507,disperso,range,4,93,1,247
5ede674,brcities5507,disperso,range,4,94,0,247
5ede674,brcities5507,disperso,range,4,95,0,247
5ede674,brcities5507,disperso,range,4,96,0,247
5ede674,brcities5507,disperso,range,4,97,0,247
5ede674,brcities5507,disperso,range,4,98,0,247
5ede674,brcities5507,disperso,range,4,99,0,247
5ede674,brcities5507,disperso,range,4,100,7,254
5ede674,brcities5507,disperso,range,4,101,0,254
5ede674,brcities5507,disperso,range,4,102,0,254
5ede674,brcities5507,disperso,range,4,103,0,254
5ede674,brcities5507,disperso,range,4,104,0,254
5ede674,brcities5507,disperso,range,4,105,0,254
5ede674,brcities5507,disperso,range,4,106,0,254
5ede674,brcities5507,disperso,range,4,107,0,254
5ede674,brcities5507,disperso,range,4,108,8,262
5ede674,brcities5507,disperso,range,4,109,1,263
5ede674,brcities5507,disperso,range,4,110,0,263
5ede674,brcities5507,disperso,range,4,111,3,266
5ede674,brcities5507,disperso,range,4,112,0,266
5ede674,brcities5507,disperso,range,4,113,1,267
5ede674,brcities5507,disperso,range,4,114,0,267
5ede674,brcities5507,disperso,range,4,115,0,267
5ede674,brcities5507,disperso,range,4,116,0,267
5ede674,brcities5507,disperso,range,4,117,0,267
5ede674,brcities5507,disperso,range,4,118,0,267
5ede674,brcities5507,disperso,range,4,119,5,272
5ede674,brcities5507,disperso,range,4,120,0,272
5ede674,brcities5507,disperso,range,4,121,3,275
5ede674,brcities5507,disperso,range,4,122,0,275
5ede674,brcities5507,disperso,range,4,123,1,276
5ede674,brcities5507,disperso,range,4,124,1,277
5ede674,brcities5507,disperso,range,4,125,8,285
5ede674,brcities5507,disperso,range,4,126,8,293
5ede674,brcities5507,disperso,range,4,127,8,301
5ede674,brcities5507,disperso,range,4,128,0,301
5ede674,brcities5507,disperso,range,4,129,0,301
5ede674,brcities5507,disperso,range,4,130,2,303
5ede674,brcities5507,disperso,range,4,131,1,304
5ede674,brcities5507,disperso,range,4,132,8,312
5ede674,brcities5507,disperso,range,4,133,0,312
5ede674,brcities5507,disperso,range,4,134,2,314
5ede674,brcities5507,disperso,range,4,135,6,320
5ede674,brcities5507,disperso,range,4,136,1,321
5ede674,brcities5507,disperso,range,4,137,0,321
5ede674,brcities5507,disperso,range,4,138,0,321
5ede674,brcities5507,disperso,range,4,139,2,323
5ede674,brcities5507,disperso,range,4,140,0,323
5ede674,brcities5507,disperso,range,4,141,0,323
5ede674,brcities5507,disperso,range,4,142,0,323
5ede674,brcities5507,disperso,range,4,143,0,323
5ede674,brcities5507,disperso,range,4,144,2,325
5ede674,brcities5507,disperso,range,4,145,8,333
5ede674,brcities5507,disperso,range,4,146,0,333
5ede674,brcities5507,disperso,range,4,147,0,333
5ede674,brcities5507,disperso,range,4,148,0,333
5ede674,brcities5507,disperso,range,4,149,8,341
5ede674,brcities5507,disperso,range,4,150,8,349
5ede674,brcities5507,disperso,range,4,151,8,357
5ede674,brcities5507,disperso,range,4,152,8,365
5ede674,brcities5507,disperso,range,4,153,0,365
5ede674,brcities5507,disperso,range,4,154,0,365
5ede674,brcities5507,disperso,range,4,155,8,373
5ede674,brcities5507,disperso,range,4,156,8,381
5ede674,brcities5507,disperso,range,4,157,4,385
5ede674,brcities5507,disperso,range,4,158,6,391
5ede674,brcities5507,disperso,range,4,159,8,399
5ede674,brcities5507,disperso,range,4,160,4,403
5ede674,brcities5507,disperso,range,4,161,0,403
5ede674,brcities5507,disperso,range,4,162,1,404
5ede674,brcities5507,disperso,range,4,163,8,412
5ede674,brcities5507,disperso,range,4,164,0,412
5ede674,brcities5507,disperso,range,4,165,8,420
5ede674,brcities5507,disperso,range,4,166,0,420
5ede674,brcities5507,disperso,range,4,167,3,423
5ede674,brcities5507,disperso,range,4,168,0,423
5ede674,brcities5507,disperso,range,4,169,2,425
5ede674,brcities5507,disperso,range,4,170,0,425
5ede674,brcities5507,disperso,range,4,171,1,426
5ede674,brcities5507,disperso,range,4,172,1,427
5ede674,brcities5507,disperso,range,4,173,0,427
5ede674,brcities5507,disperso,range,4,174,1,428
5ede674,brcities5507,disperso,range,4,175,1,429
5ede674,brcities5507,disperso,range,4,176,0,429
5ede674,brcities5507,disperso,range,4,177,0,429
5ede674,brcities5507,disperso,range,4,178,0,429
5ede674,brcities5507,disperso,range,4,179,0,429
5ede674,brcities5507,disperso,range,4,180,0,429
5ede674,brcities5507,disperso,range,4,181,0,429
5ede674,brcities5507,disperso,range,4,182,0,429
5ede674,brcities5507,disperso,range,4,183,0,429
5ede674,brcities5507,disperso,range,4,184,0,429
5ede674,brcities5507,disperso,range,4,185,0,429
5ede674,brcities5507,disperso,range,4,186,0,429
5ede674,brcities5507,disperso,range,4,187,8,437
5ede674,brcities5507,disperso,range,4,188,1,438
5ede674,brcities5507,disperso,range,4,189,0,438
5ede674,brcities5507,disperso,range,4,190,0,438
5ede674,brcities5507,disperso,range,4,191,8,446
5ede674,brcities5507,disperso,range,4,192,0,446
5ede674,brcities5507,disperso,range,4,193,0,446
5ede674,brcities5507,disperso,range,4,194,0,446
5ede674,brcities5507,disperso,range,4,195,0,446
5ede674,brcities5507,disperso,range,4,196,0,446
5ede674,brcities5507,disperso,range,4,197,0,446
5ede674,brcities5507,disperso,range,4,198,0,446
5ede674,brcities5507,disperso,range,4,199,0,446
5ede674,brcities5507,uniforme,knn,4,0,8,8
5ede674,brcities5507,uniforme,knn,4,1,8,16
5ede674,brcities5507,uniforme,knn,4,2,8,24
5ede674,brcities5507,uniforme,knn,4,3,8,32
5ede674,brcities5507,uniforme,knn,4,4,8,40
5ede674,brcities5507,uniforme,knn,4,5,8,48
5ede674,brcities5507,uniforme,knn,4,6,8,56
5ede674,brcities5507,uniforme,knn,4,7,8,64
5ede674,brcities5507,uniforme,knn,4,8,8,72
5ede674,brcities5507,uniforme,knn,4,9,8,80
5ede674,brcities5507,uniforme,knn,4,10,8,88
5ede674,brcities5507,uniforme,knn,4,11,8,96
5ede674,brcities5507,uniforme,knn,4,12,8,104
5ede674,brcities5507,uniforme,knn,4,13,8,112
5ede674,brcities5507,uniforme,knn,4,14,8,120
5ede674,brcities5507,uniforme,knn,4,15,8,128
5ede674,brcities5507,uniforme,knn,4,16,8,136
5ede674,brcities5507,uniforme,knn,4,17,8,144
5ede674,brcities5507,uniforme,knn,4,18,8,152
5ede674,brcities5507,uniforme,knn,4,19,8,160
5ede674,brcities5507,uniforme,knn,4,20,8,168
5ede674,brcities5507,uniforme,knn,4,21,7,175
5ede674,brcities5507,uniforme,knn,4,22,8,183
5ede674,brcities5507,uniforme,knn,4,23,8,191
5ede674,brcities5507,uniforme,knn,4,24,8,199
5ede674,brcities5507,uniforme,knn,4,25,8,207
5ede674,brcities5507,uniforme,knn,4,26,8,215
5ede674,brcities5507,uniforme,knn,4,27,8,223
5ede674,brcities5507,uniforme,knn,4,28,8,231
5ede674,brcities5507,uniforme,knn,4,29,8,239
5ede674,brcities5507,uniforme,knn,4,30,8,247
5ede674,brcities5507,uniforme,knn,4,31,8,255
5ede674,brcities5507,uniforme,knn,4,32,8,263
5ede674,brcities5507,uniforme,knn,4,33,8,271
5ede674,brcities5507,uniforme,knn,4,34,8,279
5ede674,brcities5507,uniforme,knn,4,35,8,287
5ede674,brcities5507,uniforme,knn,4,36,8,295
5ede674,brcities5507,uniforme,knn,4,37,8,303
5ede674,brcities5507,uniforme,knn,4,38,8,311
5ede674,brcities5507,uniforme,knn,4,39,8,319
5ede674,brcities5507,uniforme,knn,4,40,1,320
5ede674,brcities5507,uniforme,knn,4,41,0,320
5ede674,brcities5507,uniforme,knn,4,42,8,328
5ede674,brcities5507,uniforme,knn,4,43,8,336
5ede674,brcities5507,uniforme,knn,4,44,8,344
5ede674,brcities5507,uniforme,knn,4,45,8,352
5ede674,brcities5507,uniforme,knn,4,46,8,360
5ede674,brcities5507,uniforme,knn,4,47,8,368
5ede674,brcities5507,uniforme,knn,4,48,8,376
5ede674,brcities5507,uniforme,knn,4,49,8,384
5ede674,brcities5507,uniforme,knn,4,50,8,392
5ede674,brcities5507,uniforme,knn,4,51,8,400
5ede674,brcities5507,uniforme,knn,4,52,8,408
5ede674,brcities5507,uniforme,knn,4,53,8,416
5ede674,brcities5507,uniforme,knn,4,54,8,424
5ede674,brcities5507,uniforme,knn,4,55,8,432
5ede674,brcities5507,uniforme,knn,4,56,2,434
5ede674,brcities5507,uniforme,knn,4,57,8,442
5ede674,brcities5507,uniforme,knn,4,58,8,450
5ede674,brcities5507,uniforme,knn,4,59,8,458
5ede674,brcities5507,uniforme,knn,4,60,8,466
5ede674,brcities5507,uniforme,knn,4,61,8,474
5ede674,brcities5507,uniforme,knn,4,62,8,482
5ede674,brcities5507,uniforme,knn,4,63,8,490
5ede674,brcities5507,uniforme,knn,4,64,8,498
5ede674,brcities5507,uniforme,knn,4,65,8,506
5ede674,brcities5507,uniforme,knn,4,66,8,514
5ede674,brcities5507,uniforme,knn,4,67,8,522
5ede674,brcities5507,uniforme,knn,4,68,8,530
5ede674,brcities5507,uniforme,knn,4,69,8,538
5ede674,brcities5507,uniforme,knn,4,70,8,546
5ede674,brcities5507,uniforme,knn,4,71,8,554
5ede674,brcities5507,uniforme,knn,4,72,8,562
5ede674,brcities5507,uniforme,knn,4,73,8,570
5ede674,brcities5507,uniforme,knn,4,74,8,578
5ede674,brcities5507,uniforme,knn,4,75,8,586
5ede674,brcities5507,uniforme,knn,4,76,8,594
5ede674,brcities5507,uniforme,knn,4,77,8,602
5ede674,brcities5507,uniforme,knn,4,78,8,610
5ede674,brcities5507,uniforme,knn,4,79,8,618
5ede674,brcities5507,uniforme,knn,4,80,8,626
5ede674,brcities5507,uniforme,knn,4,81,8,634
5ede674,brcities5507,uniforme,knn,4,82,8,642
5ede674,brcities5507,uniforme,knn,4,83,8,650
5ede674,brcities5507,uniforme,knn,4,84,8,658
5ede674,brcities5507,uniforme,knn,4,85,8,666
5ede674,brcities5507,uniforme,knn,4,86,8,674
5ede674,brcities5507,uniforme,knn,4,87,8,682
5ede674,brcities5507,uniforme,knn,4,88,8,690
5ede674,brcities5507,uniforme,knn,4,89,8,698
5ede674,brcities5507,uniforme,knn,4,90,8,706
5ede674,brcities5507,uniforme,knn,4,91,8,714
5ede674,brcities5507,uniforme,knn,4,92,8,722
5ede674,brcities5507,uniforme,knn,4,93,8,730
5ede674,brcities5507,uniforme,knn,4,94,8,738
5ede674,brcities5507,uniforme,knn,4,95,8,746
5ede674,brcities5507,uniforme,knn,4,96,8,754
5ede674,brcities5507,uniforme,knn,4,97,8,762
5ede674,brcities5507,uniforme,knn,4,98,8,770
5ede674,brcities5507,uniforme,knn,4,99,8,778
5ede674,brcities5507,uniforme,knn,4,100,8,786
5ede674,brcities5507,uniforme,knn,4,101,8,794
5ede674,brcities5507,uniforme,knn,4,102,8,802
5ede674,brcities5507,uniforme,knn,4,103,8,810
5ede674,brcities5507,uniforme,knn,4,104,8,818
5ede674,brcities5507,uniforme,knn,4,105,8,826
5ede674,brcities5507,uniforme,knn,4,106,8,834
5ede674,brcities5507,uniforme,knn,4,107,0,834
5ede674,brcities5507,uniforme,knn,4,108,8,842
5ede674,brcities5507,uniforme,knn,4,109,8,850
5ede674,brcities5507,uniforme,knn,4,110,8,858
5ede674,brcities5507,uniforme,knn,4,111,8,866
5ede674,brcities5507,uniforme,knn,4,112,8,874
5ede674,brcities5507,uniforme,knn,4,113,8,882
5ede674,brcities5507,uniforme,knn,4,114,8,890
5ede674,brcities5507,uniforme,knn,4,115,8,898
5ede674,brcities5507,uniforme,knn,4,116,8,906
5ede674,brcities5507,uniforme,knn,4,117,8,914
5ede674,brcities5507,uniforme,knn,4,118,8,922
5ede674,brcities5507,uniforme,knn,4,119,8,930
5ede674,brcities5507,uniforme,knn,4,120,8,938
5ede674,brcities5507,uniforme,knn,4,121,8,946
5ede674,brcities5507,uniforme,knn,4,122,8,954
5ede674,brcities5507,uniforme,knn,4,123,8,962
5ede674,brcities5507,uniforme,knn,4,124,6,968
5ede674,brcities5507,uniforme,knn,4,125,8,976
5ede674,brcities5507,uniforme,knn,4,126,8,984
5ede674,brcities5507,uniforme,knn,4,127,0,984
5ede674,brcities5507,uniforme,knn,4,128,8,992
5ede674,brcities5507,uniforme,knn,4,129,8,1000
5ede674,brcities5507,uniforme,knn,4,130,8,1008
5ede674,brcities5507,uniforme,knn,4,131,8,1016
5ede674,brcities5507,uniforme,knn,4,132,8,1024
5ede674,brcities5507,uniforme,knn,4,133,8,1032
5ede674,brcities5507,uniforme,knn,4,134,0,1032
5ede674,brcities5507,uniforme,knn,4,135,8,1040
5ede674,brcities5507,uniforme,knn,4,136,8,1048
5ede674,brcities5507,uniforme,knn,4,137,8,1056
5ede674,brcities5507,uniforme,knn,4,138,8,1064
5ede674,brcities5507,uniforme,knn,4,139,8,1072
5ede674,brcities5507,uniforme,knn,4,140,8,1080
5ede674,brcities5507,uniforme,knn,4,141,8,1088
5ede674,brcities5507,uniforme,knn,4,142,8,1096
5ede674,brcities5507,uniforme,knn,4,143,8,1104
5ede674,brcities5507,uniforme,knn,4,144,8,1112
5ede674,brcities5507,uniforme,knn,4,145,8,1120
5ede674,brcities5507,uniforme,knn,4,146,8,1128
5ede674,brcities5507,uniforme,knn,4,147,8,1136
5ede674,brcities5507,uniforme,knn,4,148,8,1144
5ede674,brcities5507,uniforme,knn,4,149,8,1152
5ede674,brcities5507,uniforme,knn,4,150,8,1160
5ede674,brcities5507,uniforme,knn,4,151,8,1168
5ede674,brcities5507,uniforme,knn,4,152,8,1176
5ede674,brcities5507,uniforme,knn,4,153,8,1184
5ede674,brcities5507,uniforme,knn,4,154,8,1192
5ede674,brcities5507,uniforme,knn,4,155,8,1200
5ede674,brcities5507,uniforme,knn,4,156,8,1208
5ede674,brcities5507,uniforme,knn,4,157,8,1216
5ede674,brcities5507,uniforme,knn,4,158,8,1224
5ede674,brcities5507,uniforme,knn,4,159,8,1232
5ede674,brcities5507,uniforme,knn,4,160,8,1240
5ede674,brcities5507,uniforme,knn,4,161,8,1248
5ede674,brcities5507,uniforme,knn,4,162,8,1256
5ede674,brcities5507,uniforme,knn,4,163,8,1264
5ede674,brcities5507,uniforme,knn,4,164,0,1264
5ede674,brcities5507,uniforme,knn,4,165,8,1272
5ede674,brcities5507,uniforme,knn,4,166,8,1280
5ede674,brcities5507,uniforme,knn,4,167,8,1288
5ede674,brcities5507,uniforme,knn,4,168,8,1296
5ede674,brcities5507,uniforme,knn,4,169,8,1304
5ede674,brcities5507,uniforme,knn,4,170,8,1312
5ede674,brcities5507,uniforme,knn,4,171,8,1320
5ede674,brcities5507,uniforme,knn,4,172,8,1328
5ede674,brcities5507,uniforme,knn,4,173,0,1328
5ede674,brcities5507,uniforme,knn,4,174,8,1336
5ede674,brcities5507,uniforme,knn,4,175,8,1344
5ede674,brcities5507,uniforme,knn,4,176,8,1352
5ede674,brcities5507,uniforme,knn,4,177,8,1360
5ede674,brcities5507,uniforme,knn,4,178,0,1360
5ede674,brcities5507,uniforme,knn,4,179,8,1368
5ede674,brcities5507,uniforme,knn,4,180,8,1376
5ede674,brcities5507,uniforme,knn,4,181,8,1384
5ede674,brcities5507,uniforme,knn,4,182,8,1392
5ede674,brcities5507,uniforme,knn,4,183,8,1400
5ede674,brcities5507,uniforme,knn,4,184,8,1408
5ede674,brcities5507,uniforme,knn,4,185,8,1416
5ede674,brcities5507,uniforme,knn,4,186,8,1424
5ede674,brcities5507,uniforme,knn,4,187,6,1430
5ede674,brcities5507,uniforme,knn,4,188,8,1438
5ede674,brcities5507,uniforme,knn,4,189,2,1440
5ede674,brcities5507,uniforme,knn,4,190,2,1442
5ede674,brcities5507,uniforme,knn,4,191,8,1450
5ede674,brcities5507,uniforme,knn,4,192,8,1458
5ede674,brcities5507,uniforme,knn,4,193,7,1465
5ede674,brcities5507,uniforme,knn,4,194,8,1473
5ede674,brcities5507,uniforme,knn,4,195,8,1481
5ede674,brcities5507,uniforme,knn,4,196,0,1481
5ede674,brcities5507,uniforme,knn,4,197,8,1489
5ede674,brcities5507,uniforme,knn,4,198,8,1497
5ede674,brcities5507,uniforme,knn,4,199,8,1505
5ede674,brcities5507,uniforme,range,4,0,8,8
5ede674,brcities5507,uniforme,range,4,1,8,16
5ede674,brcities5507,uniforme,range,4,2,8,24
5ede674,brcities5507,uniforme,range,4,3,8,32
5ede674,brcities5507,uniforme,range,4,4,8,40
5ede674,brcities5507,uniforme,range,4,5,8,48
5ede674,brcities5507,uniforme,range,4,6,8,56
5ede674,brcities5507,uniforme,range,4,7,1,57
5ede674,brcities5507,uniforme,range,4,8,8,65
5ede674,brcities5507,uniforme,range,4,9,8,73
5ede674,brcities5507,uniforme,range,4,10,8,81
5ede674,brcities5507,uniforme,range,4,11,8,89
5ede674,brcities5507,uniforme,range,4,12,8,97
5ede674,brcities5507,uniforme,range,4,13,8,105
5ede674,brcities5507,uniforme,range,4,14,8,113
5ede674,brcities5507,uniforme,range,4,15,8,121
5ede674,brcities5507,uniforme,range,4,16,8,129
5ede674,brcities5507,uniforme,range,4,17,8,137
5ede674,brcities5507,uniforme,range,4,18,8,145
5ede674,brcities5507,uniforme,range,4,19,8,153
5ede674,brcities5507,uniforme,range,4,20,8,161
5ede674,brcities5507,uniforme,range,4,21,0,161
5ede674,brcities5507,uniforme,range,4,22,8,169
5ede674,brcities5507,uniforme,range,4,23,8,177
5ede674,brcities5507,uniforme,range,4,24,8,185
5ede674,brcities5507,uniforme,range,4,25,8,193
5ede674,brcities5507,uniforme,range,4,26,8,201
5ede674,brcities5507,uniforme,range,4,27,8,209
5ede674,brcities5507,uniforme,range,4,28,8,217
5ede674,brcities5507,uniforme,range,4,29,8,225
5ede674,brcities5507,uniforme,range,4,30,8,233
5ede674,brcities5507,uniforme,range,4,31,8,241
5ede674,brcities5507,uniforme,range,4,32,8,249
5ede674,brcities5507,uniforme,range,4,33,8,257
5ede674,brcities5507,uniforme,range,4,34,8,265
5ede674,brcities5507,uniforme,range,4,35,8,273
5ede674,brcities5507,uniforme,range,4,36,8,281
5ede674,brcities5507,uniforme,range,4,37,8,289
5ede674,brcities5507,uniforme,range,4,38,8,297
5ede674,brcities5507,uniforme,range,4,39,8,305
5ede674,brcities5507,uniforme,range,4,40,0,305
5ede674,brcities5507,uniforme,range,4,41,0,305
5ede674,brcities5507,uniforme,range,4,42,8,313
5ede674,brcities5507,uniforme,range,4,43,8,321
5ede674,brcities5507,uniforme,range,4,44,7,328
5ede674,brcities5507,uniforme,range,4,45,8,336
5ede674,brcities5507,uniforme,range,4,46,8,344
5ede674,brcities5507,uniforme,range,4,47,8,352
5ede674,brcities5507,uniforme,range,4,48,8,360
5ede674,brcities5507,uniforme,range,4,49,8,368
5ede674,brcities5507,uniforme,range,4,50,8,376
5ede674,brcities5507,uniforme,range,4,51,8,384
5ede674,brcities5507,uniforme,range,4,52,8,392
5ede674,brcities5507,uniforme,range,4,53,8,400
5ede674,brcities5507,uniforme,range,4,54,8,408
5ede674,brcities5507,uniforme,range,4,55,8,416
5ede674,brcities5507,uniforme,range,4,56,8,424
5ede674,brcities5507,uniforme,range,4,57,8,432
5ede674,brcities5507,uniforme,range,4,58,8,440
5ede674,brcities5507,uniforme,range,4,59,0,440
5ede674,brcities5507,uniforme,range,4,60,8,448
5ede674,brcities5507,uniforme,range,4,61,8,456
5ede674,brcities5507,uniforme,range,4,62,8,464
5ede674,brcities5507,uniforme,range,4,63,8,472
5ede674,brcities5507,uniforme,range,4,64,8,480
5ede674,brcities5507,uniforme,range,4,65,8,488
5ede674,brcities5507,uniforme,range,4,66,8,496
5ede674,brcities5507,uniforme,range,4,67,8,504
5ede674,brcities5507,uniforme,range,4,68,8,512
5ede674,brcities5507,uniforme,range,4,69,8,520
5ede674,brcities5507,uniforme,range,4,70,8,528
5ede674,brcities5507,uniforme,range,4,71,8,536
5ede674,brcities5507,uniforme,range,4,72,8,544
5ede674,brcities5507,uniforme,range,4,73,8,552
5ede674,brcities5507,uniforme,range,4,74,8,560
5ede674,brcities5507,uniforme,range,4,75,8,568
5ede674,brcities5507,uniforme,range,4,76,8,576
5ede674,brcities5507,uniforme,range,4,77,8,584
5ede674,brcities5507,uniforme,range,4,78,8,592
5ede674,brcities5507,uniforme,range,4,79,8,600
5ede674,brcities5507,uniforme,range,4,80,8,608
5ede674,brcities5507,uniforme,range,4,81,8,616
5ede674,brcities5507,uniforme,range,4,82,8,624
5ede674,brcities5507,uniforme,range,4,83,8,632
5ede674,brcities5507,uniforme,range,4,84,8,640
5ede674,brcities5507,uniforme,range,4,85,8,648
5ede674,brcities5507,uniforme,range,4,86,8,656
5ede674,brcities5507,uniforme,range,4,87,8,664
5ede674,brcities5507,uniforme,range,4,88,8,672
5ede674,brcities5507,uniforme,range,4,89,8,680
5ede674,brcities5507,uniforme,range,4,90,8,688
5ede674,brcities5507,uniforme,range,4,91,8,696
5ede674,brcities5507,uniforme,range,4,92,8,704
5ede674,brcities5507,uniforme,range,4,93,8,712
5ede674,brcities5507,uniforme,range,4,94,8,720
5ede674,brcities5507,uniforme,range,4,95,8,728
5ede674,brcities5507,uniforme,range,4,96,8,736
5ede674,brcities5507,uniforme,range,4,97,8,744
5ede674,brcities5507,uniforme,range,4,98,8,752
5ede674,brcities5507,uniforme,range,4,99,8,760
5ede674,brcities5507,uniforme,range,4,100,8,768
5ede674,brcities5507,uniforme,range,4,101,8,776
5ede674,brcities5507,uniforme,range,4,102,8,784
5ede674,brcities5507,uniforme,range,4,103,8,792
5ede674,brcities5507,uniforme,range,4,104,8,800
5ede674,brcities5507,uniforme,range,4,105,8,808
5ede674,brcities5507,uniforme,range,4,106,8,816
5ede674,brcities5507,uniforme,range,4,107,1,817
5ede674,brcities5507,uniforme,range,4,108,8,825
5ede674,brcities5507,uniforme,range,4,109,8,833
5ede674,brcities5507,uniforme,range,4,110,8,841
5ede674,brcities5507,uniforme,range,4,111,7,848
5ede674,brcities5507,uniforme,range,4,112,8,856
5ede674,brcities5507,uniforme,range,4,113,8,864
5ede674,brcities5507,uniforme,range,4,114,8,872
5ede674,brcities5507,uniforme,range,4,115,8,880
5ede674,brcities5507,uniforme,range,4,116,8,888
5ede674,brcities5507,uniforme,range,4,117,8,896
5ede674,brcities5507,uniforme,range,4,118,8,904
5ede674,brcities5507,uniforme,range,4,119,8,912
5ede674,brcities5507,uniforme,range,4,120,8,920
5ede674,brcities5507,uniforme,range,4,121,8,928
5ede674,brcities5507,uniforme,range,4,122,4,932
5ede674,brcities5507,uniforme,range,4,123,8,940
5ede674,brcities5507,uniforme,range,4,124,8,948
5ede674,brcities5507,uniforme,range,4,125,8,956
5ede674,brcities5507,uniforme,range,4,126,8,964
5ede674,brcities5507,uniforme,range,4,127,0,964
5ede674,brcities5507,uniforme,range,4,128,8,972
5ede674,brcities5507,uniforme,range,4,129,8,980
5ede674,brcities5507,uniforme,range,4,130,8,988
5ede674,brcities5507,uniforme,range,4,131,8,996
5ede674,brcities5507,uniforme,range,4,132,8,1004
5ede674,brcities5507,uniforme,range,4,133,8,1012
5ede674,brcities5507,uniforme,range,4,134,0,1012
5ede674,brcities5507,uniforme,range,4,135,8,1020
5ede674,brcities5507,uniforme,range,4,136,8,1028
5ede674,brcities5507,uniforme,range,4,137,8,1036
5ede674,brcities5507,uniforme,range,4,138,8,1044
5ede674,brcities5507,uniforme,range,4,139,8,1052
5ede674,brcities5507,uniforme,range,4,140,8,1060
5ede674,brcities5507,uniforme,range,4,141,6,1066
5ede674,brcities5507,uniforme,range,4,142,8,1074
5ede674,brcities5507,uniforme,range,4,143,8,1082
5ede674,brcities5507,uniforme,range,4,144,8,1090
5ede674,brcities5507,uniforme,range,4,145,8,1098
5ede674,brcities5507,uniforme,range,4,146,8,1106
5ede674,brcities5507,uniforme,range,4,147,8,1114
5ede674,brcities5507,uniforme,range,4,148,8,1122
5ede674,brcities5507,uniforme,range,4,149,8,1130
5ede674,brcities5507,uniforme,range,4,150,8,1138
5ede674,brcities5507,uniforme,range,4,151,8,1146
5ede674,brcities5507,uniforme,range,4,152,0,1146
5ede674,brcities5507,uniforme,range,4,153,8,1154
5ede674,brcities5507,uniforme,range,4,154,8,1162
5ede674,brcities5507,uniforme,range,4,155,8,1170
5ede674,brcities5507,uniforme,range,4,156,8,1178
5ede674,brcities5507,uniforme,range,4,157,8,1186
5ede674,brcities5507,uniforme,range,4,158,8,1194
5ede674,brcities5507,uniforme,range,4,159,8,1202
5ede674,brcities5507,uniforme,range,4,160,8,1210
5ede674,brcities5507,uniforme,range,4,161,8,1218
5ede674,brcities5507,uniforme,range,4,162,8,1226
5ede674,brcities5507,uniforme,range,4,163,8,1234
5ede674,brcities5507,uniforme,range,4,164,0,1234
5ede674,brcities5507,uniforme,range,4,165,8,1242
5ede674,brcities5507,uniforme,range,4,166,8,1250
5ede674,brcities5507,uniforme,range,4,167,8,1258
5ede674,brcities5507,uniforme,range,4,168,8,1266
5ede674,brcities5507,uniforme,range,4,169,8,1274
5ede674,brcities5507,uniforme,range,4,170,8,1282
5ede674,brcities5507,uniforme,range,4,171,8,1290
5ede674,brcities5507,uniforme,range,4,172,8,1298
5ede674,brcities5507,uniforme,range,4,173,6,1304
5ede674,brcities5507,uniforme,range,4,174,8,1312
5ede674,brcities5507,uniforme,range,4,175,8,1320
5ede674,brcities5507,uniforme,range,4,176,8,1328
5ede674,brcities5507,uniforme,range,4,177,8,1336
5ede674,brcities5507,uniforme,range,4,178,0,1336
5ede674,brcities5507,uniforme,range,4,179,8,1344
5ede674,brcities5507,uniforme,range,4,180,8,1352
5ede674,brcities5507,uniforme,range,4,181,8,1360
5ede674,brcities5507,uniforme,range,4,182,8,1368
5ede674,brcities5507,uniforme,range,4,183,8,1376
5ede674,brcities5507,uniforme,range,4,184,8,1384
5ede674,brcities5507,uniforme,range,4,185,8,1392
5ede674,brcities5507,uniforme,range,4,186,8,1400
5ede674,brcities5507,uniforme,range,4,187,8,1408
5ede674,brcities5507,uniforme,range,4,188,8,1416
5ede674,brcities5507,uniforme,range,4,189,7,1423
5ede674,brcities5507,uniforme,range,4,190,8,1431
5ede674,brcities5507,uniforme,range,4,191,8,1439
5ede674,brcities5507,uniforme,range,4,192,8,1447
5ede674,brcities5507,uniforme,range,4,193,8,1455
5ede674,brcities5507,uniforme,range,4,194,8,1463
5ede674,brcities5507,uniforme,range,4,195,8,1471
5ede674,brcities5507,uniforme,range,4,196,0,1471
5ede674,brcities5507,uniforme,range,4,197,8,1479
5ede674,brcities5507,uniforme,range,4,198,8,1487
5ede674,brcities5507,uniforme,range,4,199,8,1495
5ede674,brcities5507,concentrado,knn,4,0,8,8
5ede674,brcities5507,concentrado,knn,4,1,8,16
5ede674,brcities5507,concentrado,knn,4,2,8,24
5ede674,brcities5507,concentrado,knn,4,3,8,32
5ede674,brcities5507,concentrado,knn,4,4,8,40
5ede674,brcities5507,concentrado,knn,4,5,8,48
5ede674,brcities5507,concentrado,knn,4,6,8,56
5ede674,brcities5507,concentrado,knn,4,7,8,64
5ede674,brcities5507,concentrado,knn,4,8,3,67
5ede674,brcities5507,concentrado,knn,4,9,2,69
5ede674,brcities5507,concentrado,knn,4,10,6,75
5ede674,brcities5507,concentrado,knn,4,11,8,83
5ede674,brcities5507,concentrado,knn,4,12,7,90
5ede674,brcities5507,concentrado,knn,4,13,0,90
5ede674,brcities5507,concentrado,knn,4,14,7,97
5ede674,brcities5507,concentrado,knn,4,15,7,104
5ede674,brcities5507,concentrado,knn,4,16,0,104
5ede674,brcities5507,concentrado,knn,4,17,8,112
5ede674,brcities5507,concentrado,knn,4,18,8,120
5ede674,brcities5507,concentrado,knn,4,19,8,128
5ede674,brcities5507,concentrado,knn,4,20,8,136
5ede674,brcities5507,concentrado,knn,4,21,8,144
5ede674,brcities5507,concentrado,knn,4,22,8,152
5ede674,brcities5507,concentrado,knn,4,23,8,160
5ede674,brcities5507,concentrado,knn,4,24,8,168
5ede674,brcities5507,concentrado,knn,4,25,8,176
5ede674,brcities5507,concentrado,knn,4,26,2,178
5ede674,brcities5507,concentrado,knn,4,27,8,186
5ede674,brcities5507,concentrado,knn,4,28,8,194
5ede674,brcities5507,concentrado,knn,4,29,8,202
5ede674,brcities5507,concentrado,knn,4,30,8,210
5ede674,brcities5507,concentrado,knn,4,31,8,218
5ede674,brcities5507,concentrado,knn,4,32,8,226
5ede674,brcities5507,concentrado,knn,4,33,8,234
5ede674,brcities5507,concentrado,knn,4,34,8,242
5ede674,brcities5507,concentrado,knn,4,35,8,250
5ede674,brcities5507,concentrado,knn,4,36,3,253
5ede674,brcities5507,concentrado,knn,4,37,8,261
5ede674,brcities5507,concentrado,knn,4,38,8,269
5ede674,brcities5507,concentrado,knn,4,39,7,276
5ede674,brcities5507,concentrado,knn,4,40,8,284
5ede674,brcities5507,concentrado,knn,4,41,8,292
5ede674,brcities5507,concentrado,knn,4,42,0,292
5ede674,brcities5507,concentrado,knn,4,43,0,292
5ede674,brcities5507,concentrado,knn,4,44,8,300
5ede674,brcities5507,concentrado,knn,4,45,8,308
5ede674,brcities5507,concentrado,knn,4,46,8,316
5ede674,brcities5507,concentrado,knn,4,47,8,324
5ede674,brcities5507,concentrado,knn,4,48,8,332
5ede674,brcities5507,concentrado,knn,4,49,8,340
5ede674,brcities5507,concentrado,knn,4,50,8,348
5ede674,brcities5507,concentrado,knn,4,51,0,348
5ede674,brcities5507,concentrado,knn,4,52,8,356
5ede674,brcities5507,concentrado,knn,4,53,8,364
5ede674,brcities5507,concentrado,knn,4,54,0,364
5ede674,brcities5507,concentrado,knn,4,55,0,364
5ede674,brcities5507,concentrado,knn,4,56,8,372
5ede674,brcities5507,concentrado,knn,4,57,8,380
5ede674,brcities5507,concentrado,knn,4,58,8,388
5ede674,brcities5507,concentrado,knn,4,59,8,396
5ede674,brcities5507,concentrado,knn,4,60,8,404
5ede674,brcities5507,concentrado,knn,4,61,8,412
5ede674,brcities5507,concentrado,knn,4,62,8,420
5ede674,brcities5507,concentrado,knn,4,63,8,428
5ede674,brcities5507,concentrado,knn,4,64,8,436
5ede674,brcities5507,concentrado,knn,4,65,8,444
5ede674,brcities5507,concentrado,knn,4,66,4,448
5ede674,brcities5507,concentrado,knn,4,67,8,456
5ede674,brcities5507,concentrado,knn,4,68,4,460
5ede674,brcities5507,concentrado,knn,4,69,8,468
5ede674,brcities5507,concentrado,knn,4,70,8,476
5ede674,brcities5507,concentrado,knn,4,71,8,484
5ede674,brcities5507,concentrado,knn,4,72,8,492
5ede674,brcities5507,concentrado,knn,4,73,8,500
5ede674,brcities5507,concentrado,knn,4,74,8,508
5ede674,brcities5507,concentrado,knn,4,75,4,512
5ede674,brcities5507,concentrado,knn,4,76,8,520
5ede674,brcities5507,concentrado,knn,4,77,8,528
5ede674,brcities5507,concentrado,knn,4,78,8,536
5ede674,brcities5507,concentrado,knn,4,79,1,537
5ede674,brcities5507,concentrado,knn,4,80,8,545
5ede674,brcities5507,concentrado,knn,4,81,8,553
5ede674,brcities5507,concentrado,knn,4,82,1,554
5ede674,brcities5507,concentrado,knn,4,83,8,562
5ede674,brcities5507,concentrado,knn,4,84,8,570
5ede674,brcities5507,concentrado,knn,4,85,8,578
5ede674,brcities5507,concentrado,knn,4,86,1,579
5ede674,brcities5507,concentrado,knn,4,87,0,579
5ede674,brcities5507,concentrado,knn,4,88,8,587
5ede674,brcities5507,concentrado,knn,4,89,8,595
5ede674,brcities5507,concentrado,knn,4,90,8,603
5ede674,brcities5507,concentrado,knn,4,91,8,611
5ede674,brcities5507,concentrado,knn,4,92,8,619
5ede674,brcities5507,concentrado,knn,4,93,8,627
5ede674,brcities5507,concentrado,knn,4,94,8,635
5ede674,brcities5507,concentrado,knn,4,95,8,643
5ede674,brcities5507,concentrado,knn,4,96,8,651
5ede674,brcities5507,concentrado,knn,4,97,8,659
5ede674,brcities5507,concentrado,knn,4,98,8,667
5ede674,brcities5507,concentrado,knn,4,99,8,675
5ede674,brcities5507,concentrado,knn,4,100,8,683
5ede674,brcities5507,concentrado,knn,4,101,8,691
5ede674,brcities5507,concentrado,knn,4,102,0,691
5ede674,brcities5507,concentrado,knn,4,103,3,694
5ede674,brcities5507,concentrado,knn,4,104,0,694
5ede674,brcities5507,concentrado,knn,4,105,0,694
5ede674,brcities5507,concentrado,knn,4,106,0,694
5ede674,brcities5507,concentrado,knn,4,107,7,701
5ede674,brcities5507,concentrado,knn,4,108,0,701
5ede674,brcities5507,concentrado,knn,4,109,5,706
5ede674,brcities5507,concentrado,knn,4,110,8,714
5ede674,brcities5507,concentrado,knn,4,111,8,722
5ede674,brcities5507,concentrado,knn,4,112,7,729
5ede674,brcities5507,concentrado,knn,4,113,0,729
5ede674,brcities5507,concentrado,knn,4,114,8,737
5ede674,brcities5507,concentrado,knn,4,115,6,743
5ede674,brcities5507,concentrado,knn,4,116,0,743
5ede674,brcities5507,concentrado,knn,4,117,8,751
5ede674,brcities5507,concentrado,knn,4,118,0,751
5ede674,brcities5507,concentrado,knn,4,119,0,751
5ede674,brcities5507,concentrado,knn,4,120,8,759
5ede674,brcities5507,concentrado,knn,4,121,0,759
5ede674,brcities5507,concentrado,knn,4,122,8,767
5ede674,brcities5507,concentrado,knn,4,123,0,767
5ede674,brcities5507,concentrado,knn,4,124,3,770
5ede674,brcities5507,concentrado,knn,4,125,7,777
5ede674,brcities5507,concentrado,knn,4,126,3,780
5ede674,brcities5507,concentrado,knn,4,127,0,780
5ede674,brcities5507,concentrado,knn,4,128,0,780
5ede674,brcities5507,concentrado,knn,4,129,8,788
5ede674,brcities5507,concentrado,knn,4,130,1,789
5ede674,brcities5507,concentrado,knn,4,131,7,796
5ede674,brcities5507,concentrado,knn,4,132,0,796
5ede674,brcities5507,concentrado,knn,4,133,6,802
5ede674,brcities5507,concentrado,knn,4,134,0,802
5ede674,brcities5507,concentrado,knn,4,135,0,802
5ede674,brcities5507,concentrado,knn,4,136,8,810
5ede674,brcities5507,concentrado,knn,4,137,8,818
5ede674,brcities5507,concentrado,knn,4,138,8,826
5ede674,brcities5507,concentrado,knn,4,139,1,827
5ede674,brcities5507,concentrado,knn,4,140,7,834
5ede674,brcities5507,concentrado,knn,4,141,7,841
5ede674,brcities5507,concentrado,knn,4,142,7,848
5ede674,brcities5507,concentrado,knn,4,143,1,849
5ede674,brcities5507,concentrado,knn,4,144,8,857
5ede674,brcities5507,concentrado,knn,4,145,2,859
5ede674,brcities5507,concentrado,knn,4,146,7,866
5ede674,brcities5507,concentrado,knn,4,147,0,866
5ede674,brcities5507,concentrado,knn,4,148,0,866
5ede674,brcities5507,concentrado,knn,4,149,3,869
5ede674,brcities5507,concentrado,knn,4,150,8,877
5ede674,brcities5507,concentrado,knn,4,151,8,885
5ede674,brcities5507,concentrado,knn,4,152,7,892
5ede674,brcities5507,concentrado,knn,4,153,8,900
5ede674,brcities5507,concentrado,knn,4,154,1,901
5ede674,brcities5507,concentrado,knn,4,155,0,901
5ede674,brcities5507,concentrado,knn,4,156,8,909
5ede674,brcities5507,concentrado,knn,4,157,8,917
5ede674,brcities5507,concentrado,knn,4,158,4,921
5ede674,brcities5507,concentrado,knn,4,159,8,929
5ede674,brcities5507,concentrado,knn,4,160,8,937
5ede674,brcities5507,concentrado,knn,4,161,7,944
5ede674,brcities5507,concentrado,knn,4,162,8,952
5ede674,brcities5507,concentrado,knn,4,163,5,957
5ede674,brcities5507,concentrado,knn,4,164,0,957
5ede674,brcities5507,concentrado,knn,4,165,1,958
5ede674,brcities5507,concentrado,knn,4,166,0,958
5ede674,brcities5507,concentrado,knn,4,167,2,960
5ede674,brcities5507,concentrado,knn,4,168,2,962
5ede674,brcities5507,concentrado,knn,4,169,3,965
5ede674,brcities5507,concentrado,knn,4,170,8,973
5ede674,brcities5507,concentrado,knn,4,171,5,978
5ede674,brcities5507,concentrado,knn,4,172,2,980
5ede674,brcities5507,concentrado,knn,4,173,3,983
5ede674,brcities5507,concentrado,knn,4,174,5,988
5ede674,brcities5507,concentrado,knn,4,175,6,994
5ede674,brcities5507,concentrado,knn,4,176,6,1000
5ede674,brcities5507,concentrado,knn,4,177,3,1003
5ede674,brcities5507,concentrado,knn,4,178,3,1006
5ede674,brcities5507,concentrado,knn,4,179,0,1006
5ede674,brcities5507,concentrado,knn,4,180,3,1009
5ede674,brcities5507,concentrado,knn,4,181,3,1012
5ede674,brcities5507,concentrado,knn,4,182,8,1020
5ede674,brcities5507,concentrado,knn,4,183,3,1023
5ede674,brcities5507,concentrado,knn,4,184,3,1026
5ede674,brcities5507,concentrado,knn,4,185,0,1026
5ede674,brcities5507,concentrado,knn,4,186,6,1032
5ede674,brcities5507,concentrado,knn,4,187,8,1040
5ede674,brcities5507,concentrado,knn,4,188,4,1044
5ede674,brcities5507,concentrado,knn,4,189,6,1050
5ede674,brcities5507,concentrado,knn,4,190,5,1055
5ede674,brcities5507,concentrado,knn,4,191,6,1061
5ede674,brcities5507,concentrado,knn,4,192,5,1066
5ede674,brcities5507,concentrado,knn,4,193,0,1066
5ede674,brcities5507,concentrado,knn,4,194,2,1068
5ede674,brcities5507,concentrado,knn,4,195,5,1073
5ede674,brcities5507,concentrado,knn,4,196,0,1073
5ede674,brcities5507,concentrado,knn,4,197,6,1079
5ede674,brcities5507,concentrado,knn,4,198,2,1081
5ede674,brcities5507,concentrado,knn,4,199,2,1083
5ede674,brcities5507,concentrado,range,4,0,8,8
5ede674,brcities5507,concentrado,range,4,1,8,16
5ede674,brcities5507,concentrado,range,4,2,8,24
5ede674,brcities5507,concentrado,range,4,3,8,32
5ede674,brcities5507,concentrado,range,4,4,8,40
5ede674,brcities5507,concentrado,range,4,5,8,48
5ede674,brcities5507,concentrado,range,4,6,8,56
5ede674,brcities5507,concentrado,range,4,7,8,64
5ede674,brcities5507,concentrado,range,4,8,3,67
5ede674,brcities5507,concentrado,range,4,9,2,69
5ede674,brcities5507,concentrado,range,4,10,3,72
5ede674,brcities5507,concentrado,range,4,11,3,75
5ede674,brcities5507,concentrado,range,4,12,0,75
5ede674,brcities5507,concentrado,range,4,13,0,75
5ede674,brcities5507,concentrado,range,4,14,0,75
5ede674,brcities5507,concentrado,range,4,15,0,75
5ede674,brcities5507,concentrado,range,4,16,0,75
5ede674,brcities5507,concentrado,range,4,17,8,83
5ede674,brcities5507,concentrado,range,4,18,8,91
5ede674,brcities5507,concentrado,range,4,19,8,99
5ede674,brcities5507,concentrado,range,4,20,8,107
5ede674,brcities5507,concentrado,range,4,21,8,115
5ede674,brcities5507,concentrado,range,4,22,8,123
5ede674,brcities5507,concentrado,range,4,23,8,131
5ede674,brcities5507,concentrado,range,4,24,8,139
5ede674,brcities5507,concentrado,range,4,25,8,147
5ede674,brcities5507,concentrado,range,4,26,2,149
5ede674,brcities5507,concentrado,range,4,27,8,157
5ede674,brcities5507,concentrado,range,4,28,8,165
5ede674,brcities5507,concentrado,range,4,29,8,173
5ede674,brcities5507,concentrado,range,4,30,8,181
5ede674,brcities5507,concentrado,range,4,31,8,189
5ede674,brcities5507,concentrado,range,4,32,8,197
5ede674,brcities5507,concentrado,range,4,33,8,205
5ede674,brcities5507,concentrado,range,4,34,8,213
5ede674,brcities5507,concentrado,range,4,35,8,221
5ede674,brcities5507,concentrado,range,4,36,7,228
5ede674,brcities5507,concentrado,range,4,37,8,236
5ede674,brcities5507,concentrado,range,4,38,8,244
5ede674,brcities5507,concentrado,range,4,39,7,251
5ede674,brcities5507,concentrado,range,4,40,8,259
5ede674,brcities5507,concentrado,range,4,41,8,267
5ede674,brcities5507,concentrado,range,4,42,0,267
5ede674,brcities5507,concentrado,range,4,43,0,267
5ede674,brcities5507,concentrado,range,4,44,8,275
5ede674,brcities5507,concentrado,range,4,45,7,282
5ede674,brcities5507,concentrado,range,4,46,8,290
5ede674,brcities5507,concentrado,range,4,47,8,298
5ede674,brcities5507,concentrado,range,4,48,8,306
5ede674,brcities5507,concentrado,range,4,49,8,314
5ede674,brcities5507,concentrado,range,4,50,8,322
5ede674,brcities5507,concentrado,range,4,51,0,322
5ede674,brcities5507,concentrado,range,4,52,8,330
5ede674,brcities5507,concentrado,range,4,53,8,338
5ede674,brcities5507,concentrado,range,4,54,0,338
5ede674,brcities5507,concentrado,range,4,55,0,338
5ede674,brcities5507,concentrado,range,4,56,8,346
5ede674,brcities5507,concentrado,range,4,57,8,354
5ede674,brcities5507,concentrado,range,4,58,8,362
5ede674,brcities5507,concentrado,range,4,59,8,370
5ede674,brcities5507,concentrado,range,4,60,8,378
5ede674,brcities5507,concentrado,range,4,61,8,386
5ede674,brcities5507,concentrado,range,4,62,8,394
5ede674,brcities5507,concentrado,range,4,63,8,402
5ede674,brcities5507,concentrado,range,4,64,8,410
5ede674,brcities5507,concentrado,range,4,65,8,418
5ede674,brcities5507,concentrado,range,4,66,4,422
5ede674,brcities5507,concentrado,range,4,67,8,430
5ede674,brcities5507,concentrado,range,4,68,0,430
5ede674,brcities5507,concentrado,range,4,69,8,438
5ede674,brcities5507,concentrado,range,4,70,8,446
5ede674,brcities5507,concentrado,range,4,71,8,454
5ede674,brcities5507,concentrado,range,4,72,8,462
5ede674,brcities5507,concentrado,range,4,73,8,470
5ede674,brcities5507,concentrado,range,4,74,8,478
5ede674,brcities5507,concentrado,range,4,75,8,486
5ede674,brcities5507,concentrado,range,4,76,8,494
5ede674,brcities5507,concentrado,range,4,77,8,502
5ede674,brcities5507,concentrado,range,4,78,8,510
5ede674,brcities5507,concentrado,range,4,79,5,515
5ede674,brcities5507,concentrado,range,4,80,8,523
5ede674,brcities5507,concentrado,range,4,81,8,531
5ede674,brcities5507,concentrado,range,4,82,3,534
5ede674,brcities5507,concentrado,range,4,83,8,542
5ede674,brcities5507,concentrado,range,4,84,8,550
5ede674,brcities5507,concentrado,range,4,85,8,558
5ede674,brcities5507,concentrado,range,4,86,0,558
5ede674,brcities5507,concentrado,range,4,87,0,558
5ede674,brcities5507,concentrado,range,4,88,8,566
5ede674,brcities5507,concentrado,range,4,89,8,574
5ede674,brcities5507,concentrado,range,4,90,8,582
5ede674,brcities5507,concentrado,range,4,91,7,589
5ede674,brcities5507,concentrado,range,4,92,8,597
5ede674,brcities5507,concentrado,range,4,93,8,605
5ede674,brcities5507,concentrado,range,4,94,8,613
5ede674,brcities5507,concentrado,range,4,95,8,621
5ede674,brcities5507,concentrado,range,4,96,8,629
5ede674,brcities5507,concentrado,range,4,97,8,637
5ede674,brcities5507,concentrado,range,4,98,8,645
5ede674,brcities5507,concentrado,range,4,99,8,653
5ede674,brcities5507,concentrado,range,4,100,0,653
5ede674,brcities5507,concentrado,range,4,101,1,654
5ede674,brcities5507,concentrado,range,4,102,0,654
5ede674,brcities5507,concentrado,range,4,103,1,655
5ede674,brcities5507,concentrado,range,4,104,0,655
5ede674,brcities5507,concentrado,range,4,105,0,655
5ede674,brcities5507,concentrado,range,4,106,0,655
5ede674,brcities5507,concentrado,range,4,107,6,661
5ede674,brcities5507,concentrado,range,4,108,0,661
5ede674,brcities5507,concentrado,range,4,109,5,666
5ede674,brcities5507,concentrado,range,4,110,6,672
5ede674,brcities5507,concentrado,range,4,111,8,680
5ede674,brcities5507,concentrado,range,4,112,8,688
5ede674,brcities5507,concentrado,range,4,113,8,696
5ede674,brcities5507,concentrado,range,4,114,8,704
5ede674,brcities5507,concentrado,range,4,115,6,710
5ede674,brcities5507,concentrado,range,4,116,0,710
5ede674,brcities5507,concentrado,range,4,117,8,718
5ede674,brcities5507,concentrado,range,4,118,8,726
5ede674,brcities5507,concentrado,range,4,119,1,727
5ede674,brcities5507,concentrado,range,4,120,8,735
5ede674,brcities5507,concentrado,range,4,121,0,735
5ede674,brcities5507,concentrado,range,4,122,0,735
5ede674,brcities5507,concentrado,range,4,123,8,743
5ede674,brcities5507,concentrado,range,4,124,4,747
5ede674,brcities5507,concentrado,range,4,125,8,755
5ede674,brcities5507,concentrado,range,4,126,6,761
5ede674,brcities5507,concentrado,range,4,127,8,769
5ede674,brcities5507,concentrado,range,4,128,0,769
5ede674,brcities5507,concentrado,range,4,129,8,777
5ede674,brcities5507,concentrado,range,4,130,1,778
5ede674,brcities5507,concentrado,range,4,131,7,785
5ede674,brcities5507,concentrado,range,4,132,2,787
5ede674,brcities5507,concentrado,range,4,133,8,795
5ede674,brcities5507,concentrado,range,4,134,3,798
5ede674,brcities5507,concentrado,range,4,135,1,799
5ede674,brcities5507,concentrado,range,4,136,8,807
5ede674,brcities5507,concentrado,range,4,137,7,814
5ede674,brcities5507,concentrado,range,4,138,8,822
5ede674,brcities5507,concentrado,range,4,139,2,824
5ede674,brcities5507,concentrado,range,4,140,8,832
5ede674,brcities5507,concentrado,range,4,141,7,839
5ede674,brcities5507,concentrado,range,4,142,8,847
5ede674,brcities5507,concentrado,range,4,143,0,847
5ede674,brcities5507,concentrado,range,4,144,8,855
5ede674,brcities5507,concentrado,range,4,145,4,859
5ede674,brcities5507,concentrado,range,4,146,7,866
5ede674,brcities5507,concentrado,range,4,147,0,866
5ede674,brcities5507,concentrado,range,4,148,0,866
5ede674,brcities5507,concentrado,range,4,149,5,871
5ede674,brcities5507,concentrado,range,4,150,8,879
5ede674,brcities5507,concentrado,range,4,151,8,887
5ede674,brcities5507,concentrado,range,4,152,0,887
5ede674,brcities5507,concentrado,range,4,153,7,894
5ede674,brcities5507,concentrado,range,4,154,0,894
5ede674,brcities5507,concentrado,range,4,155,0,894
5ede674,brcities5507,concentrado,range,4,156,8,902
5ede674,brcities5507,concentrado,range,4,157,8,910
5ede674,brcities5507,concentrado,range,4,158,4,914
5ede674,brcities5507,concentrado,range,4,159,0,914
5ede674,brcities5507,concentrado,range,4,160,7,921
5ede674,brcities5507,concentrado,range,4,161,0,921
5ede674,brcities5507,concentrado,range,4,162,7,928
5ede674,brcities5507,concentrado,range,4,163,8,936
5ede674,brcities5507,concentrado,range,4,164,3,939
5ede674,brcities5507,concentrado,range,4,165,1,940
5ede674,brcities5507,concentrado,range,4,166,0,940
5ede674,brcities5507,concentrado,range,4,167,5,945
5ede674,brcities5507,concentrado,range,4,168,5,950
5ede674,brcities5507,concentrado,range,4,169,0,950
5ede674,brcities5507,concentrado,range,4,170,8,958
5ede674,brcities5507,concentrado,range,4,171,4,962
5ede674,brcities5507,concentrado,range,4,172,5,967
5ede674,brcities5507,concentrado,range,4,173,8,975
5ede674,brcities5507,concentrado,range,4,174,3,978
5ede674,brcities5507,concentrado,range,4,175,6,984
5ede674,brcities5507,concentrado,range,4,176,6,990
5ede674,brcities5507,concentrado,range,4,177,3,993
5ede674,brcities5507,concentrado,range,4,178,3,996
5ede674,brcities5507,concentrado,range,4,179,0,996
5ede674,brcities5507,concentrado,range,4,180,3,999
5ede674,brcities5507,concentrado,range,4,181,3,1002
5ede674,brcities5507,concentrado,range,4,182,4,1006
5ede674,brcities5507,concentrado,range,4,183,0,1006
5ede674,brcities5507,concentrado,range,4,184,3,1009
5ede674,brcities5507,concentrado,range,4,185,0,1009
5ede674,brcities5507,concentrado,range,4,186,3,1012
5ede674,brcities5507,concentrado,range,4,187,8,1020
5ede674,brcities5507,concentrado,range,4,188,4,1024
5ede674,brcities5507,concentrado,range,4,189,8,1032
5ede674,brcities5507,concentrado,range,4,190,2,1034
5ede674,brcities5507,concentrado,range,4,191,7,1041
5ede674,brcities5507,concentrado,range,4,192,8,1049
5ede674,brcities5507,concentrado,range,4,193,0,1049
5ede674,brcities5507,concentrado,range,4,194,1,1050
5ede674,brcities5507,concentrado,range,4,195,8,1058
5ede674,brcities5507,concentrado,range,4,196,1,1059
5ede674,brcities5507,concentrado,range,4,197,8,1067
5ede674,brcities5507,concentrado,range,4,198,3,1070
5ede674,brcities5507,concentrado,range,4,199,3,1073
